workload	scale	stage	implementation	mode	attempts	successful_repetitions	failed_repetitions	correctness_status	input_sha256	output_records	semantic_sha256	sort_order	reference_sequences	reference_dictionary_sha256	elapsed_s_n	elapsed_s_median	elapsed_s_min	elapsed_s_max	elapsed_s_range	elapsed_s_mad	user_s_n	user_s_median	user_s_min	user_s_max	user_s_range	user_s_mad	system_s_n	system_s_median	system_s_min	system_s_max	system_s_range	system_s_mad	cpu_pct_n	cpu_pct_median	cpu_pct_min	cpu_pct_max	cpu_pct_range	cpu_pct_mad	max_rss_kib_n	max_rss_kib_median	max_rss_kib_min	max_rss_kib_max	max_rss_kib_range	max_rss_kib_mad
hotspot	families-65536	raw	canonical-upstream	legacy	7	7	0	pass	c908b92b7207bad7603f8cee44aca166739430e31ec604a9ad9149a803c0c412	65536	3cf8a6517636d42763c094c7fbcf14b2785942b6e1adc4541843335e0a82f44d	coordinate	1	43e376761b9eee1f83af202748aefe5b4a162610442db37be3291c635a6f75f0	7	4.538459266	4.401190118	4.70946132	0.308271202	0.075746237	7	12.14	11.8	12.86	1.06	0.21	7	0.7	0.64	0.81	0.17	0.03	7	283	279	302	23	4	7	570436	557496	601828	44332	1184
hotspot	families-65536	raw	dumi	auto	7	7	0	pass	c908b92b7207bad7603f8cee44aca166739430e31ec604a9ad9149a803c0c412	65536	3cf8a6517636d42763c094c7fbcf14b2785942b6e1adc4541843335e0a82f44d	unsorted	1	43e376761b9eee1f83af202748aefe5b4a162610442db37be3291c635a6f75f0	7	3.435328528	3.298903656	3.750378405	0.451474749	0.090524017	7	8.04	7.12	8.85	1.73	0.21	7	0.69	0.58	0.87	0.29	0.06	7	253	233	270	37	9	7	480780	450896	579524	128628	14996
hotspot	families-65536	raw	dumi	off	7	7	0	pass	c908b92b7207bad7603f8cee44aca166739430e31ec604a9ad9149a803c0c412	65536	3cf8a6517636d42763c094c7fbcf14b2785942b6e1adc4541843335e0a82f44d	coordinate	1	43e376761b9eee1f83af202748aefe5b4a162610442db37be3291c635a6f75f0	7	3.726010398	3.611605115	4.027774397	0.416169282	0.074780436	7	11.11	10.57	11.72	1.15	0.37	7	0.72	0.6	0.77	0.17	0.05	7	314	301	324	23	5	7	448716	442368	456836	14468	3340
hotspot	families-65536	raw	dumi	on	7	7	0	pass	c908b92b7207bad7603f8cee44aca166739430e31ec604a9ad9149a803c0c412	65536	3cf8a6517636d42763c094c7fbcf14b2785942b6e1adc4541843335e0a82f44d	unsorted	1	43e376761b9eee1f83af202748aefe5b4a162610442db37be3291c635a6f75f0	7	3.449170411	3.227803357	3.53166141	0.303858053	0.074320289	7	8	7.41	8.65	1.24	0.42	7	0.66	0.58	0.74	0.16	0.03	7	256	242	273	31	8	7	481196	468904	504900	35996	4924
hotspot	families-65536	raw_plus_ready	canonical-upstream	legacy	7	7	0	pass	c908b92b7207bad7603f8cee44aca166739430e31ec604a9ad9149a803c0c412	65536	3cf8a6517636d42763c094c7fbcf14b2785942b6e1adc4541843335e0a82f44d	coordinate	1	43e376761b9eee1f83af202748aefe5b4a162610442db37be3291c635a6f75f0	7	4.560832826	4.424585465	4.73219326	0.307607795	0.075019615	7	12.15	11.81	12.87	1.06	0.21	7	0.7	0.64	0.81	0.17	0.03	7	282.0603217797715203586874324	278.3064696727960768026621127	301.1717020867278372282630473	22.8652324139317604256009346	3.7538521069754435560253197	7	570436	557496	601828	44332	1184
hotspot	families-65536	raw_plus_ready	dumi	auto	7	7	0	pass	c908b92b7207bad7603f8cee44aca166739430e31ec604a9ad9149a803c0c412	65536	3cf8a6517636d42763c094c7fbcf14b2785942b6e1adc4541843335e0a82f44d	coordinate	1	43e376761b9eee1f83af202748aefe5b4a162610442db37be3291c635a6f75f0	7	3.52999245	3.404077614	3.860113643	0.456036029	0.074573642	7	8.11	7.19	8.93	1.74	0.2	7	0.72	0.6	0.89	0.29	0.07	7	248.209506605952722107432386	228.8431958179200317140595021	263.5952707926382788348083314	34.7520749747182471207488293	9.7434780908934847497129393	7	480780	450896	579524	128628	14996
hotspot	families-65536	raw_plus_ready	dumi	off	7	7	0	pass	c908b92b7207bad7603f8cee44aca166739430e31ec604a9ad9149a803c0c412	65536	3cf8a6517636d42763c094c7fbcf14b2785942b6e1adc4541843335e0a82f44d	coordinate	1	43e376761b9eee1f83af202748aefe5b4a162610442db37be3291c635a6f75f0	7	3.749124045	3.626103879	4.05129103	0.425187151	0.082104545	7	11.12	10.58	11.73	1.15	0.38	7	0.72	0.6	0.77	0.17	0.05	7	312.7323534682443663109409779	299.6224906164793489453140769	322.2635605229876510876327803	22.6410699065083021423187034	4.691647140424335887124781	7	448716	442368	456836	14468	3340
hotspot	families-65536	raw_plus_ready	dumi	on	7	7	0	pass	c908b92b7207bad7603f8cee44aca166739430e31ec604a9ad9149a803c0c412	65536	3cf8a6517636d42763c094c7fbcf14b2785942b6e1adc4541843335e0a82f44d	coordinate	1	43e376761b9eee1f83af202748aefe5b4a162610442db37be3291c635a6f75f0	7	3.559653231	3.347455426	3.654266875	0.306811449	0.087254186	7	8.08	7.5	8.73	1.23	0.42	7	0.68	0.61	0.77	0.16	0.03	7	249.1444676222553530724743398	237.1872661115049085437202367	265.8604666056590334779253339	28.6732004941541249342050972	6.9618273628462752940485372	7	481196	468904	504900	35996	4924
hotspot	families-65536	ready	canonical-upstream	legacy	7	7	0	pass	c908b92b7207bad7603f8cee44aca166739430e31ec604a9ad9149a803c0c412	65536	3cf8a6517636d42763c094c7fbcf14b2785942b6e1adc4541843335e0a82f44d	coordinate	1	43e376761b9eee1f83af202748aefe5b4a162610442db37be3291c635a6f75f0	7	0.02237356	0.021763156	0.023395347	0.001632191	0.00035838	7	0.01	0.01	0.01	0	0	7	0	0	0	0	0	7	89	85	94	9	4	7	2048	2048	2048	0	0
hotspot	families-65536	ready	dumi	auto	7	7	0	pass	c908b92b7207bad7603f8cee44aca166739430e31ec604a9ad9149a803c0c412	65536	3cf8a6517636d42763c094c7fbcf14b2785942b6e1adc4541843335e0a82f44d	coordinate	1	43e376761b9eee1f83af202748aefe5b4a162610442db37be3291c635a6f75f0	7	0.109735238	0.094663922	0.123681823	0.029017901	0.00634539	7	0.07	0.06	0.08	0.02	0	7	0.02	0.02	0.03	0.01	0	7	97	96	98	2	0	7	16384	16384	16384	0	0
hotspot	families-65536	ready	dumi	off	7	7	0	pass	c908b92b7207bad7603f8cee44aca166739430e31ec604a9ad9149a803c0c412	65536	3cf8a6517636d42763c094c7fbcf14b2785942b6e1adc4541843335e0a82f44d	coordinate	1	43e376761b9eee1f83af202748aefe5b4a162610442db37be3291c635a6f75f0	7	0.022460059	0.014498764	0.023516633	0.009017869	0.000653588	7	0.01	0	0.01	0.01	0	7	0	0	0	0	0	7	94	76	95	19	1	7	2048	2048	2048	0	0
hotspot	families-65536	ready	dumi	on	7	7	0	pass	c908b92b7207bad7603f8cee44aca166739430e31ec604a9ad9149a803c0c412	65536	3cf8a6517636d42763c094c7fbcf14b2785942b6e1adc4541843335e0a82f44d	coordinate	1	43e376761b9eee1f83af202748aefe5b4a162610442db37be3291c635a6f75f0	7	0.122605465	0.11048282	0.130571743	0.020088923	0.001586515	7	0.08	0.08	0.09	0.01	0	7	0.02	0.02	0.03	0.01	0	7	97	97	98	1	0	7	16384	16384	16384	0	0
moderate	groups-4096-families-16	raw	canonical-upstream	legacy	7	7	0	pass	caa43446c48f6408806377b70168cd7e990ba0872b24bc72b657d5181ef59909	65536	8471d526f9930e2373263bb83a678f6800fe67e60ab4ab6497f56df2c423a864	coordinate	1	dfd74c709c02c3d1723dd2727760b7cf74a166e9ec1f671a7f41bb529aa5e430	7	3.219559965	3.075696303	3.393942009	0.318245706	0.061600178	7	10.47	9.04	11.94	2.9	0.28	7	0.71	0.63	0.76	0.13	0.04	7	345	318	374	56	7	7	553532	546860	572260	25400	6540
moderate	groups-4096-families-16	raw	dumi	auto	7	7	0	pass	caa43446c48f6408806377b70168cd7e990ba0872b24bc72b657d5181ef59909	65536	8471d526f9930e2373263bb83a678f6800fe67e60ab4ab6497f56df2c423a864	unsorted	1	dfd74c709c02c3d1723dd2727760b7cf74a166e9ec1f671a7f41bb529aa5e430	7	2.131824465	2.091375321	2.257310177	0.165934856	0.031842026	7	5.73	5.55	5.78	0.23	0.05	7	0.55	0.48	0.61	0.13	0.01	7	293	273	301	28	4	7	428804	403676	436856	33180	2660
moderate	groups-4096-families-16	raw	dumi	off	7	7	0	pass	caa43446c48f6408806377b70168cd7e990ba0872b24bc72b657d5181ef59909	65536	8471d526f9930e2373263bb83a678f6800fe67e60ab4ab6497f56df2c423a864	coordinate	1	dfd74c709c02c3d1723dd2727760b7cf74a166e9ec1f671a7f41bb529aa5e430	7	2.637462316	2.438187375	2.768432585	0.33024521	0.070753789	7	9.85	7.73	10.83	3.1	0.91	7	0.64	0.6	0.73	0.13	0.02	7	387	342	427	85	28	7	430332	415076	450000	34924	1232
moderate	groups-4096-families-16	raw	dumi	on	7	7	0	pass	caa43446c48f6408806377b70168cd7e990ba0872b24bc72b657d5181ef59909	65536	8471d526f9930e2373263bb83a678f6800fe67e60ab4ab6497f56df2c423a864	unsorted	1	dfd74c709c02c3d1723dd2727760b7cf74a166e9ec1f671a7f41bb529aa5e430	7	2.102988831	2.065332331	2.283704524	0.218372193	0.0376565	7	5.36	5.1	5.74	0.64	0.18	7	0.56	0.53	0.72	0.19	0.01	7	277	272	292	20	4	7	427940	421888	442180	20292	1616
moderate	groups-4096-families-16	raw_plus_ready	canonical-upstream	legacy	7	7	0	pass	caa43446c48f6408806377b70168cd7e990ba0872b24bc72b657d5181ef59909	65536	8471d526f9930e2373263bb83a678f6800fe67e60ab4ab6497f56df2c423a864	coordinate	1	dfd74c709c02c3d1723dd2727760b7cf74a166e9ec1f671a7f41bb529aa5e430	7	3.242730157	3.098774985	3.417693412	0.318918427	0.062218005	7	10.47	9.05	11.95	2.9	0.27	7	0.71	0.63	0.76	0.13	0.04	7	342.3041530618484947219738704	315.9312969605632723926225963	371.8882435555339976762081783	55.956946594970725283585582	6.2271180832322044894204368	7	553532	546860	572260	25400	6540
moderate	groups-4096-families-16	raw_plus_ready	dumi	auto	7	7	0	pass	caa43446c48f6408806377b70168cd7e990ba0872b24bc72b657d5181ef59909	65536	8471d526f9930e2373263bb83a678f6800fe67e60ab4ab6497f56df2c423a864	coordinate	1	dfd74c709c02c3d1723dd2727760b7cf74a166e9ec1f671a7f41bb529aa5e430	7	2.270677436	2.230686761	2.40088887	0.170202109	0.036915761	7	5.82	5.65	5.87	0.22	0.05	7	0.58	0.51	0.64	0.13	0.02	7	281.0817183997037526333264281	261.9863034310288589075761762	287.4075632979064339977092677	25.4212598668775750901330915	3.6314782150824791077986922	7	428804	403676	436856	33180	2660
moderate	groups-4096-families-16	raw_plus_ready	dumi	off	7	7	0	pass	caa43446c48f6408806377b70168cd7e990ba0872b24bc72b657d5181ef59909	65536	8471d526f9930e2373263bb83a678f6800fe67e60ab4ab6497f56df2c423a864	coordinate	1	dfd74c709c02c3d1723dd2727760b7cf74a166e9ec1f671a7f41bb529aa5e430	7	2.66047978	2.462569266	2.790711891	0.328142625	0.070272745	7	9.86	7.74	10.84	3.1	0.9	7	0.64	0.6	0.73	0.13	0.02	7	384.6117029088931612925647606	338.6706768068630642935994475	423.9442238802596377033236824	85.2735470733965734097242349	26.7528681535232563827057534	7	430332	415076	450000	34924	1232
moderate	groups-4096-families-16	raw_plus_ready	dumi	on	7	7	0	pass	caa43446c48f6408806377b70168cd7e990ba0872b24bc72b657d5181ef59909	65536	8471d526f9930e2373263bb83a678f6800fe67e60ab4ab6497f56df2c423a864	coordinate	1	dfd74c709c02c3d1723dd2727760b7cf74a166e9ec1f671a7f41bb529aa5e430	7	2.237557349	2.203380504	2.421234023	0.217853519	0.034176845	7	5.46	5.2	5.84	0.64	0.19	7	0.58	0.55	0.74	0.19	0.02	7	265.4774969020818246118605543	260.9626430642140237435812403	279.7652725573896491860601257	18.8026294931756254424788854	4.0128025396242391195142253	7	427940	421888	442180	20292	1616
moderate	groups-4096-families-16	ready	canonical-upstream	legacy	7	7	0	pass	caa43446c48f6408806377b70168cd7e990ba0872b24bc72b657d5181ef59909	65536	8471d526f9930e2373263bb83a678f6800fe67e60ab4ab6497f56df2c423a864	coordinate	1	dfd74c709c02c3d1723dd2727760b7cf74a166e9ec1f671a7f41bb529aa5e430	7	0.023170192	0.013707955	0.023788019	0.010080064	0.000120491	7	0.01	0	0.01	0.01	0	7	0	0	0	0	0	7	90	85	95	10	0	7	2048	2048	2048	0	0
moderate	groups-4096-families-16	ready	dumi	auto	7	7	0	pass	caa43446c48f6408806377b70168cd7e990ba0872b24bc72b657d5181ef59909	65536	8471d526f9930e2373263bb83a678f6800fe67e60ab4ab6497f56df2c423a864	coordinate	1	dfd74c709c02c3d1723dd2727760b7cf74a166e9ec1f671a7f41bb529aa5e430	7	0.138852971	0.127623093	0.143578693	0.0159556	0.004725722	7	0.09	0.09	0.1	0.01	0	7	0.03	0.02	0.04	0.02	0.01	7	97	97	98	1	0	7	18432	16384	18432	2048	0
moderate	groups-4096-families-16	ready	dumi	off	7	7	0	pass	caa43446c48f6408806377b70168cd7e990ba0872b24bc72b657d5181ef59909	65536	8471d526f9930e2373263bb83a678f6800fe67e60ab4ab6497f56df2c423a864	coordinate	1	dfd74c709c02c3d1723dd2727760b7cf74a166e9ec1f671a7f41bb529aa5e430	7	0.023017464	0.015299443	0.024381891	0.009082448	0.000738158	7	0.01	0	0.01	0.01	0	7	0	0	0	0	0	7	89	75	91	16	2	7	2048	2048	2048	0	0
moderate	groups-4096-families-16	ready	dumi	on	7	7	0	pass	caa43446c48f6408806377b70168cd7e990ba0872b24bc72b657d5181ef59909	65536	8471d526f9930e2373263bb83a678f6800fe67e60ab4ab6497f56df2c423a864	coordinate	1	dfd74c709c02c3d1723dd2727760b7cf74a166e9ec1f671a7f41bb529aa5e430	7	0.13732832	0.124194789	0.139928602	0.015733813	0.000719853	7	0.1	0.09	0.1	0.01	0	7	0.02	0.02	0.03	0.01	0	7	97	97	98	1	0	7	18432	18432	18432	0	0
paired	references-10	raw	canonical-upstream	legacy	7	7	0	pass	f46cbee3b054db041c9999556cb93a235335f772f659994621fb337dfc46e985	100	624aeb2d2500f232627a64f5d1e7c131ab8774de141e2cc1aa28bc58f5c036fc	coordinate	10	f6217beb67a6285781b26fde120aa3a094be1b9152fdd17b2f71ddf81233ed6c	7	0.241996765	0.230299641	0.256041188	0.025741547	0.006635725	7	0.39	0.38	0.4	0.02	0.01	7	0.07	0.07	0.08	0.01	0	7	196	191	203	12	5	7	57344	53248	59392	6144	2048
paired	references-10	raw	dumi	auto	7	7	0	pass	f46cbee3b054db041c9999556cb93a235335f772f659994621fb337dfc46e985	100	624aeb2d2500f232627a64f5d1e7c131ab8774de141e2cc1aa28bc58f5c036fc	coordinate	10	f6217beb67a6285781b26fde120aa3a094be1b9152fdd17b2f71ddf81233ed6c	7	0.262818729	0.248376344	0.27715229	0.028775946	0.010341852	7	0.41	0.4	0.44	0.04	0.01	7	0.08	0.07	0.08	0.01	0	7	194	187	198	11	4	7	57344	53248	59392	6144	2048
paired	references-10	raw	dumi	off	7	7	0	pass	f46cbee3b054db041c9999556cb93a235335f772f659994621fb337dfc46e985	100	624aeb2d2500f232627a64f5d1e7c131ab8774de141e2cc1aa28bc58f5c036fc	coordinate	10	f6217beb67a6285781b26fde120aa3a094be1b9152fdd17b2f71ddf81233ed6c	7	0.264788964	0.239222483	0.284434678	0.045212195	0.006451399	7	0.42	0.37	0.47	0.1	0.02	7	0.08	0.07	0.1	0.03	0.01	7	192	186	202	16	2	7	55296	51200	57344	6144	0
paired	references-10	raw	intermediate-pr32	legacy	7	7	0	pass	f46cbee3b054db041c9999556cb93a235335f772f659994621fb337dfc46e985	100	624aeb2d2500f232627a64f5d1e7c131ab8774de141e2cc1aa28bc58f5c036fc	coordinate	10	f6217beb67a6285781b26fde120aa3a094be1b9152fdd17b2f71ddf81233ed6c	7	0.231615352	0.226502608	0.236583836	0.010081228	0.0022208	7	0.37	0.33	0.41	0.08	0.02	7	0.07	0.06	0.08	0.02	0.01	7	190	184	208	24	5	7	53248	53248	57344	4096	0
paired	references-10	raw_plus_ready	canonical-upstream	legacy	7	7	0	pass	f46cbee3b054db041c9999556cb93a235335f772f659994621fb337dfc46e985	100	624aeb2d2500f232627a64f5d1e7c131ab8774de141e2cc1aa28bc58f5c036fc	coordinate	10	f6217beb67a6285781b26fde120aa3a094be1b9152fdd17b2f71ddf81233ed6c	7	0.250055466	0.239631813	0.265427372	0.025795559	0.005058404	7	0.39	0.38	0.4	0.02	0.01	7	0.07	0.07	0.08	0.01	0	7	187.788088053233566279448881	180.6114538734778523104097913	189.9756569323112521846477814	9.3642030588333998742379901	2.1875688790776859051989004	7	57344	53248	59392	6144	2048
paired	references-10	raw_plus_ready	dumi	auto	7	7	0	pass	f46cbee3b054db041c9999556cb93a235335f772f659994621fb337dfc46e985	100	624aeb2d2500f232627a64f5d1e7c131ab8774de141e2cc1aa28bc58f5c036fc	coordinate	10	f6217beb67a6285781b26fde120aa3a094be1b9152fdd17b2f71ddf81233ed6c	7	0.270674934	0.256658094	0.283994152	0.027336058	0.010896604	7	0.41	0.4	0.44	0.04	0.01	7	0.08	0.07	0.08	0.01	0	7	183.1229994250639140178450791	177.3344849139226168611534602	186.954182970502193502905661	9.6196980565795766417522008	2.0228808326248993130100766	7	57344	53248	59392	6144	2048
paired	references-10	raw_plus_ready	dumi	off	7	7	0	pass	f46cbee3b054db041c9999556cb93a235335f772f659994621fb337dfc46e985	100	624aeb2d2500f232627a64f5d1e7c131ab8774de141e2cc1aa28bc58f5c036fc	coordinate	10	f6217beb67a6285781b26fde120aa3a094be1b9152fdd17b2f71ddf81233ed6c	7	0.271262804	0.24467857	0.291525288	0.046846718	0.007351159	7	0.42	0.37	0.47	0.1	0.02	7	0.08	0.07	0.1	0.03	0.01	7	181.8024102252151792746020716	178.9243914926593182857262815	193.8165604428088193124764533	14.8921689501495010267501718	1.9746468048224575090628991	7	55296	51200	57344	6144	0
paired	references-10	raw_plus_ready	intermediate-pr32	legacy	7	7	0	pass	f46cbee3b054db041c9999556cb93a235335f772f659994621fb337dfc46e985	100	624aeb2d2500f232627a64f5d1e7c131ab8774de141e2cc1aa28bc58f5c036fc	coordinate	10	f6217beb67a6285781b26fde120aa3a094be1b9152fdd17b2f71ddf81233ed6c	7	0.239671851	0.234815177	0.245797425	0.010982248	0.001938147	7	0.37	0.33	0.41	0.08	0.02	7	0.07	0.06	0.08	0.02	0.01	7	179.411974416636854029220144	170.658532065402043655068538	195.2827618108692554448037851	24.6242297454672117897352471	6.9501008574716798728455813	7	53248	53248	57344	4096	0
paired	references-10	ready	canonical-upstream	legacy	7	7	0	pass	f46cbee3b054db041c9999556cb93a235335f772f659994621fb337dfc46e985	100	624aeb2d2500f232627a64f5d1e7c131ab8774de141e2cc1aa28bc58f5c036fc	coordinate	10	f6217beb67a6285781b26fde120aa3a094be1b9152fdd17b2f71ddf81233ed6c	7	0.008058701	0.00648138	0.009386184	0.002904804	0.001065985	7	0	0	0	0	0	7	0	0	0	0	0	7	80	50	83	33	3	7	2048	2048	2048	0	0
paired	references-10	ready	dumi	auto	7	7	0	pass	f46cbee3b054db041c9999556cb93a235335f772f659994621fb337dfc46e985	100	624aeb2d2500f232627a64f5d1e7c131ab8774de141e2cc1aa28bc58f5c036fc	coordinate	10	f6217beb67a6285781b26fde120aa3a094be1b9152fdd17b2f71ddf81233ed6c	7	0.007856205	0.006778149	0.009632712	0.002854563	0.000788375	7	0	0	0	0	0	7	0	0	0	0	0	7	75	50	83	33	8	7	2048	2048	2048	0	0
paired	references-10	ready	dumi	off	7	7	0	pass	f46cbee3b054db041c9999556cb93a235335f772f659994621fb337dfc46e985	100	624aeb2d2500f232627a64f5d1e7c131ab8774de141e2cc1aa28bc58f5c036fc	coordinate	10	f6217beb67a6285781b26fde120aa3a094be1b9152fdd17b2f71ddf81233ed6c	7	0.007114092	0.005456087	0.007565625	0.002109538	0.000435453	7	0	0	0	0	0	7	0	0	0	0	0	7	66	25	80	55	14	7	2048	2048	2048	0	0
paired	references-10	ready	intermediate-pr32	legacy	7	7	0	pass	f46cbee3b054db041c9999556cb93a235335f772f659994621fb337dfc46e985	100	624aeb2d2500f232627a64f5d1e7c131ab8774de141e2cc1aa28bc58f5c036fc	coordinate	10	f6217beb67a6285781b26fde120aa3a094be1b9152fdd17b2f71ddf81233ed6c	7	0.008312569	0.005835699	0.009213589	0.00337789	0.000433364	7	0	0	0	0	0	7	0	0	0	0	0	7	66	60	85	25	6	7	2048	2048	2048	0	0
paired	references-1000	raw	canonical-upstream	legacy	7	7	0	pass	15ad2ea7ba52fb5fae4c589153e60c676c6809d646eac3a5de3977786c8b3a20	10000	c2785e89590fd7342d062a6938b7ca924e2cf0575001245b66a21f2ab101089d	coordinate	1000	4907ac04b13f1692021157dc85e5c8c67d847ad7a07f99bc02bd344931c2c6d3	7	3.26415904	3.167802414	3.292018626	0.124216212	0.027859586	7	5.59	5.46	5.74	0.28	0.1	7	0.87	0.81	0.92	0.11	0.04	7	200	194	202	8	2	7	733056	666828	757572	90744	14168
paired	references-1000	raw	dumi	auto	7	7	0	pass	15ad2ea7ba52fb5fae4c589153e60c676c6809d646eac3a5de3977786c8b3a20	10000	c2785e89590fd7342d062a6938b7ca924e2cf0575001245b66a21f2ab101089d	coordinate	1000	4907ac04b13f1692021157dc85e5c8c67d847ad7a07f99bc02bd344931c2c6d3	7	0.671961732	0.618170289	0.710593088	0.092422799	0.009446339	7	2.11	1.99	2.28	0.29	0.06	7	0.18	0.13	0.19	0.06	0.01	7	348	337	362	25	4	7	145408	141312	149504	8192	1096
paired	references-1000	raw	dumi	off	7	7	0	pass	15ad2ea7ba52fb5fae4c589153e60c676c6809d646eac3a5de3977786c8b3a20	10000	c2785e89590fd7342d062a6938b7ca924e2cf0575001245b66a21f2ab101089d	coordinate	1000	4907ac04b13f1692021157dc85e5c8c67d847ad7a07f99bc02bd344931c2c6d3	7	0.67195027	0.62622486	0.695971301	0.069746441	0.015966765	7	2.13	1.98	2.23	0.25	0.06	7	0.18	0.16	0.19	0.03	0.01	7	348	339	353	14	1	7	145408	139584	147456	7872	2048
paired	references-1000	raw	intermediate-pr32	legacy	7	7	0	pass	15ad2ea7ba52fb5fae4c589153e60c676c6809d646eac3a5de3977786c8b3a20	10000	c2785e89590fd7342d062a6938b7ca924e2cf0575001245b66a21f2ab101089d	coordinate	1000	4907ac04b13f1692021157dc85e5c8c67d847ad7a07f99bc02bd344931c2c6d3	7	0.679148782	0.645711353	0.751335672	0.105624319	0.013274613	7	2.22	2.06	2.45	0.39	0.08	7	0.2	0.17	0.22	0.05	0.01	7	354	351	359	8	2	7	147456	145408	152596	7188	2048
paired	references-1000	raw_plus_ready	canonical-upstream	legacy	7	7	0	pass	15ad2ea7ba52fb5fae4c589153e60c676c6809d646eac3a5de3977786c8b3a20	10000	c2785e89590fd7342d062a6938b7ca924e2cf0575001245b66a21f2ab101089d	coordinate	1000	4907ac04b13f1692021157dc85e5c8c67d847ad7a07f99bc02bd344931c2c6d3	7	3.273866191	3.177394743	3.306028723	0.12863398	0.029944539	7	5.59	5.46	5.74	0.28	0.1	7	0.87	0.81	0.92	0.11	0.04	7	199.4499465180054848007777963	193.0719030551728135530170759	201.4228799899540842162210375	8.3509769347812706632039616	1.9729334719485994154432412	7	733056	666828	757572	90744	14168
paired	references-1000	raw_plus_ready	dumi	auto	7	7	0	pass	15ad2ea7ba52fb5fae4c589153e60c676c6809d646eac3a5de3977786c8b3a20	10000	c2785e89590fd7342d062a6938b7ca924e2cf0575001245b66a21f2ab101089d	coordinate	1000	4907ac04b13f1692021157dc85e5c8c67d847ad7a07f99bc02bd344931c2c6d3	7	0.685749465	0.630300927	0.723722002	0.093421075	0.007756793	7	2.11	1.99	2.28	0.29	0.06	7	0.18	0.13	0.19	0.06	0.01	7	339.9095223306476179233252052	328.7641565881875574942540749	352.2127137852043806370603672	23.4485571970168231428062923	3.3921327241689000239298097	7	145408	141312	149504	8192	1096
paired	references-1000	raw_plus_ready	dumi	off	7	7	0	pass	15ad2ea7ba52fb5fae4c589153e60c676c6809d646eac3a5de3977786c8b3a20	10000	c2785e89590fd7342d062a6938b7ca924e2cf0575001245b66a21f2ab101089d	coordinate	1000	4907ac04b13f1692021157dc85e5c8c67d847ad7a07f99bc02bd344931c2c6d3	7	0.686094194	0.638305868	0.71003795	0.071732082	0.015956987	7	2.13	1.98	2.23	0.25	0.06	7	0.18	0.16	0.19	0.03	0.01	7	338.3957610742190450926576787	331.1761564574850707415626066	344.0955550906993089979499006	12.919398633214238256387294	2.3615757883542526661978983	7	145408	139584	147456	7872	2048
paired	references-1000	raw_plus_ready	intermediate-pr32	legacy	7	7	0	pass	15ad2ea7ba52fb5fae4c589153e60c676c6809d646eac3a5de3977786c8b3a20	10000	c2785e89590fd7342d062a6938b7ca924e2cf0575001245b66a21f2ab101089d	coordinate	1000	4907ac04b13f1692021157dc85e5c8c67d847ad7a07f99bc02bd344931c2c6d3	7	0.691241271	0.658233354	0.765589148	0.107355794	0.011305831	7	2.22	2.06	2.45	0.39	0.08	7	0.2	0.17	0.22	0.05	0.01	7	345.1254185377286921423448294	341.2088653593347038948286031	350.2755647296617908973197056	9.0666993703270870024911025	3.3013547270698357392704875	7	147456	145408	152596	7188	2048
paired	references-1000	ready	canonical-upstream	legacy	7	7	0	pass	15ad2ea7ba52fb5fae4c589153e60c676c6809d646eac3a5de3977786c8b3a20	10000	c2785e89590fd7342d062a6938b7ca924e2cf0575001245b66a21f2ab101089d	coordinate	1000	4907ac04b13f1692021157dc85e5c8c67d847ad7a07f99bc02bd344931c2c6d3	7	0.009710642	0.009404943	0.014010097	0.004605154	0.000305699	7	0	0	0	0	0	7	0	0	0	0	0	7	71	57	83	26	5	7	2048	2048	2048	0	0
paired	references-1000	ready	dumi	auto	7	7	0	pass	15ad2ea7ba52fb5fae4c589153e60c676c6809d646eac3a5de3977786c8b3a20	10000	c2785e89590fd7342d062a6938b7ca924e2cf0575001245b66a21f2ab101089d	coordinate	1000	4907ac04b13f1692021157dc85e5c8c67d847ad7a07f99bc02bd344931c2c6d3	7	0.012130638	0.011728016	0.013787733	0.002059717	0.000402622	7	0	0	0	0	0	7	0	0	0	0	0	7	80	72	90	18	8	7	2048	2048	2048	0	0
paired	references-1000	ready	dumi	off	7	7	0	pass	15ad2ea7ba52fb5fae4c589153e60c676c6809d646eac3a5de3977786c8b3a20	10000	c2785e89590fd7342d062a6938b7ca924e2cf0575001245b66a21f2ab101089d	coordinate	1000	4907ac04b13f1692021157dc85e5c8c67d847ad7a07f99bc02bd344931c2c6d3	7	0.013905727	0.011844579	0.014433533	0.002588954	0.000527806	7	0	0	0	0	0	7	0	0	0	0	0	7	77	72	88	16	4	7	2048	2048	2048	0	0
paired	references-1000	ready	intermediate-pr32	legacy	7	7	0	pass	15ad2ea7ba52fb5fae4c589153e60c676c6809d646eac3a5de3977786c8b3a20	10000	c2785e89590fd7342d062a6938b7ca924e2cf0575001245b66a21f2ab101089d	coordinate	1000	4907ac04b13f1692021157dc85e5c8c67d847ad7a07f99bc02bd344931c2c6d3	7	0.013241658	0.012092489	0.014432391	0.002339902	0.000971833	7	0	0	0	0	0	7	0	0	0	0	0	7	81	77	90	13	4	7	2048	2048	2048	0	0
sparse	records-100000	raw	canonical-upstream	legacy	7	7	0	pass	12df0d76463447cf9555f697ae8ae1a748290b31f78fe1464a08578409db7cb8	100000	0f70b3bf63ac7ff0498631c0991afb88d8fa6f629fdffbf2ae87cd46fb4f6ea2	coordinate	1	e829495d9e64554ff2ba688e7b092c8395130d6e95239bb3b25c38f9c3531258	7	1.808110883	1.704680989	2.038262485	0.333581496	0.045104909	7	7.89	7.13	9.74	2.61	0.15	7	0.44	0.37	0.47	0.1	0.03	7	462	441	500	59	12	7	258176	245692	287700	42008	9052
sparse	records-100000	raw	dumi	auto	7	7	0	pass	12df0d76463447cf9555f697ae8ae1a748290b31f78fe1464a08578409db7cb8	100000	0f70b3bf63ac7ff0498631c0991afb88d8fa6f629fdffbf2ae87cd46fb4f6ea2	unsorted	1	e829495d9e64554ff2ba688e7b092c8395130d6e95239bb3b25c38f9c3531258	7	0.728915448	0.68911918	0.741868564	0.052749384	0.012953116	7	1.91	1.84	1.95	0.11	0.02	7	0.18	0.16	0.18	0.02	0	7	289	279	303	24	3	7	138376	134308	144372	10064	1696
sparse	records-100000	raw	dumi	off	7	7	0	pass	12df0d76463447cf9555f697ae8ae1a748290b31f78fe1464a08578409db7cb8	100000	0f70b3bf63ac7ff0498631c0991afb88d8fa6f629fdffbf2ae87cd46fb4f6ea2	coordinate	1	e829495d9e64554ff2ba688e7b092c8395130d6e95239bb3b25c38f9c3531258	7	1.649558004	1.582069857	1.702850418	0.120780561	0.031679702	7	6.44	6.04	7.14	1.1	0.15	7	0.3	0.29	0.33	0.04	0.01	7	409	401	438	37	8	7	227780	213576	246812	33236	6652
sparse	records-100000	raw	dumi	on	7	7	0	pass	12df0d76463447cf9555f697ae8ae1a748290b31f78fe1464a08578409db7cb8	100000	0f70b3bf63ac7ff0498631c0991afb88d8fa6f629fdffbf2ae87cd46fb4f6ea2	unsorted	1	e829495d9e64554ff2ba688e7b092c8395130d6e95239bb3b25c38f9c3531258	7	0.738747991	0.712860459	0.74520983	0.032349371	0.004860817	7	1.97	1.88	2.06	0.18	0.08	7	0.18	0.16	0.23	0.07	0.02	7	293	275	310	35	5	7	141088	135032	143300	8268	2212
sparse	records-100000	raw_plus_ready	canonical-upstream	legacy	7	7	0	pass	12df0d76463447cf9555f697ae8ae1a748290b31f78fe1464a08578409db7cb8	100000	0f70b3bf63ac7ff0498631c0991afb88d8fa6f629fdffbf2ae87cd46fb4f6ea2	coordinate	1	e829495d9e64554ff2ba688e7b092c8395130d6e95239bb3b25c38f9c3531258	7	1.838775431	1.736196239	2.069905229	0.33370899	0.055028514	7	7.9	7.14	9.76	2.62	0.15	7	0.44	0.37	0.47	0.1	0.03	7	455.7821472607484260055486336	432.5547902537531069954126309	493.2592979115567034494408729	60.704507657803596454028242	10.4429317923895312991470447	7	258176	245692	287700	42008	9052
sparse	records-100000	raw_plus_ready	dumi	auto	7	7	0	pass	12df0d76463447cf9555f697ae8ae1a748290b31f78fe1464a08578409db7cb8	100000	0f70b3bf63ac7ff0498631c0991afb88d8fa6f629fdffbf2ae87cd46fb4f6ea2	coordinate	1	e829495d9e64554ff2ba688e7b092c8395130d6e95239bb3b25c38f9c3531258	7	0.935743336	0.903044974	0.95456721	0.051522236	0.007310426	7	2.08	2.01	2.1	0.09	0.02	7	0.21	0.2	0.21	0.01	0	7	242.1209170464811120771735701	235.4054550709697502908641172	252.4791196058414694194400112	17.073664534871719128575894	4.7416478395807641892901646	7	138376	134308	144372	10064	1696
sparse	records-100000	raw_plus_ready	dumi	off	7	7	0	pass	12df0d76463447cf9555f697ae8ae1a748290b31f78fe1464a08578409db7cb8	100000	0f70b3bf63ac7ff0498631c0991afb88d8fa6f629fdffbf2ae87cd46fb4f6ea2	coordinate	1	e829495d9e64554ff2ba688e7b092c8395130d6e95239bb3b25c38f9c3531258	7	1.678888918	1.611955604	1.734563873	0.122608269	0.033389456	7	6.46	6.06	7.16	1.1	0.15	7	0.3	0.29	0.33	0.04	0.01	7	402.0516144713750501985265948	393.8816135400630259050329719	430.0792905998682701723720266	36.1976770598052442673390547	8.1700009313120242934936229	7	227780	213576	246812	33236	6652
sparse	records-100000	raw_plus_ready	dumi	on	7	7	0	pass	12df0d76463447cf9555f697ae8ae1a748290b31f78fe1464a08578409db7cb8	100000	0f70b3bf63ac7ff0498631c0991afb88d8fa6f629fdffbf2ae87cd46fb4f6ea2	coordinate	1	e829495d9e64554ff2ba688e7b092c8395130d6e95239bb3b25c38f9c3531258	7	0.956550871	0.922167048	0.961378738	0.03921169	0.003440822	7	2.14	2.03	2.22	0.19	0.08	7	0.22	0.2	0.26	0.06	0.02	7	245.5580723388710259265583705	232.9987039925569895430743341	262.3789300036578161993445419	29.3802260111008266562702078	4.7146347093567103405595084	7	141088	135032	143300	8268	2212
sparse	records-100000	ready	canonical-upstream	legacy	7	7	0	pass	12df0d76463447cf9555f697ae8ae1a748290b31f78fe1464a08578409db7cb8	100000	0f70b3bf63ac7ff0498631c0991afb88d8fa6f629fdffbf2ae87cd46fb4f6ea2	coordinate	1	e829495d9e64554ff2ba688e7b092c8395130d6e95239bb3b25c38f9c3531258	7	0.030283568	0.020740943	0.031642744	0.010901801	0.001231682	7	0.02	0.01	0.02	0.01	0	7	0	0	0	0	0	7	92	88	96	8	3	7	2048	2048	2048	0	0
sparse	records-100000	ready	dumi	auto	7	7	0	pass	12df0d76463447cf9555f697ae8ae1a748290b31f78fe1464a08578409db7cb8	100000	0f70b3bf63ac7ff0498631c0991afb88d8fa6f629fdffbf2ae87cd46fb4f6ea2	coordinate	1	e829495d9e64554ff2ba688e7b092c8395130d6e95239bb3b25c38f9c3531258	7	0.213925794	0.193874772	0.23239104	0.038516268	0.001166805	7	0.17	0.15	0.19	0.04	0	7	0.03	0.03	0.05	0.02	0	7	98	98	98	0	0	7	26624	26624	26624	0	0
sparse	records-100000	ready	dumi	off	7	7	0	pass	12df0d76463447cf9555f697ae8ae1a748290b31f78fe1464a08578409db7cb8	100000	0f70b3bf63ac7ff0498631c0991afb88d8fa6f629fdffbf2ae87cd46fb4f6ea2	coordinate	1	e829495d9e64554ff2ba688e7b092c8395130d6e95239bb3b25c38f9c3531258	7	0.031084038	0.029330914	0.035949784	0.00661887	0.000843472	7	0.02	0.01	0.02	0.01	0	7	0	0	0	0	0	7	92	89	96	7	3	7	2048	2048	2048	0	0
sparse	records-100000	ready	dumi	on	7	7	0	pass	12df0d76463447cf9555f697ae8ae1a748290b31f78fe1464a08578409db7cb8	100000	0f70b3bf63ac7ff0498631c0991afb88d8fa6f629fdffbf2ae87cd46fb4f6ea2	coordinate	1	e829495d9e64554ff2ba688e7b092c8395130d6e95239bb3b25c38f9c3531258	7	0.215820773	0.20158904	0.219125419	0.017536379	0.002435002	7	0.16	0.15	0.17	0.02	0.01	7	0.03	0.03	0.04	0.01	0	7	98	96	98	2	0	7	26624	26624	26624	0	0
sparse	records-1000000	raw	canonical-upstream	legacy	7	7	0	pass	04a694611309dc09c12ad8e57e4bf5fed38a43786bb585da0d42b4c78d9247d6	1000000	22b7228cba0d0c35ee5aef376cb36e21b29717043a50a0fe46e30c971b380e0b	coordinate	1	6216b516ec3a8a9c24ca40a458fc2297b99ed1874119c0eaf24ce5de47f85502	7	9.241495304	9.08714515	10.091808045	1.004662895	0.129511243	7	29.1	27.88	39.94	12.06	1.22	7	2.3	2	2.59	0.59	0.13	7	341	329	427	98	12	7	1649268	1603704	1667680	63976	18412
sparse	records-1000000	raw	dumi	auto	7	7	0	pass	04a694611309dc09c12ad8e57e4bf5fed38a43786bb585da0d42b4c78d9247d6	1000000	22b7228cba0d0c35ee5aef376cb36e21b29717043a50a0fe46e30c971b380e0b	unsorted	1	6216b516ec3a8a9c24ca40a458fc2297b99ed1874119c0eaf24ce5de47f85502	7	3.407796197	3.34106831	3.569549036	0.228480726	0.060986199	7	4.89	4.62	4.97	0.35	0.06	7	0.37	0.31	0.42	0.11	0.03	7	151	148	154	6	2	7	265228	247208	292432	45224	15308
sparse	records-1000000	raw	dumi	off	7	7	0	pass	04a694611309dc09c12ad8e57e4bf5fed38a43786bb585da0d42b4c78d9247d6	1000000	22b7228cba0d0c35ee5aef376cb36e21b29717043a50a0fe46e30c971b380e0b	coordinate	1	6216b516ec3a8a9c24ca40a458fc2297b99ed1874119c0eaf24ce5de47f85502	7	8.693369809	7.901220253	9.187452059	1.286231806	0.301203594	7	35.28	28.48	41.67	13.19	2.93	7	2.04	1.61	2.41	0.8	0.12	7	434	368	487	119	23	7	1433672	1348708	1461088	112380	20864
sparse	records-1000000	raw	dumi	on	7	7	0	pass	04a694611309dc09c12ad8e57e4bf5fed38a43786bb585da0d42b4c78d9247d6	1000000	22b7228cba0d0c35ee5aef376cb36e21b29717043a50a0fe46e30c971b380e0b	unsorted	1	6216b516ec3a8a9c24ca40a458fc2297b99ed1874119c0eaf24ce5de47f85502	7	3.434066206	3.382696116	3.554711567	0.172015451	0.035671715	7	4.89	4.76	5.05	0.29	0.08	7	0.33	0.32	0.39	0.07	0.01	7	152	149	154	5	1	7	253632	237852	291324	53472	11020
sparse	records-1000000	raw_plus_ready	canonical-upstream	legacy	7	7	0	pass	04a694611309dc09c12ad8e57e4bf5fed38a43786bb585da0d42b4c78d9247d6	1000000	22b7228cba0d0c35ee5aef376cb36e21b29717043a50a0fe46e30c971b380e0b	coordinate	1	6216b516ec3a8a9c24ca40a458fc2297b99ed1874119c0eaf24ce5de47f85502	7	9.391033698	9.222339055	10.238431867	1.016092812	0.145748061	7	29.23	28	40.07	12.07	1.23	7	2.3	2	2.6	0.6	0.13	7	338.1182715966745203547895532	325.2970837559387475805615997	421.9617627987218113073629954	96.6646790427830637268013957	12.8211878407357727742279535	7	1649268	1603704	1667680	63976	18412
sparse	records-1000000	raw_plus_ready	dumi	auto	7	7	0	pass	04a694611309dc09c12ad8e57e4bf5fed38a43786bb585da0d42b4c78d9247d6	1000000	22b7228cba0d0c35ee5aef376cb36e21b29717043a50a0fe46e30c971b380e0b	coordinate	1	6216b516ec3a8a9c24ca40a458fc2297b99ed1874119c0eaf24ce5de47f85502	7	5.011915369	4.932489796	5.185843405	0.253353609	0.079425573	7	6.28	6.03	6.37	0.34	0.08	7	0.56	0.51	0.62	0.11	0.04	7	134.5971996236936120904715209	132.1860321052360388443193793	136.4747705499414230033061039	4.2887384447053841589867246	1.3299527214004108411122428	7	265228	247208	292432	45224	15308
sparse	records-1000000	raw_plus_ready	dumi	off	7	7	0	pass	04a694611309dc09c12ad8e57e4bf5fed38a43786bb585da0d42b4c78d9247d6	1000000	22b7228cba0d0c35ee5aef376cb36e21b29717043a50a0fe46e30c971b380e0b	coordinate	1	6216b516ec3a8a9c24ca40a458fc2297b99ed1874119c0eaf24ce5de47f85502	7	8.840028946	8.049107226	9.322236486	1.27312926	0.30701337	7	35.4	28.62	41.8	13.18	2.94	7	2.04	1.61	2.41	0.8	0.12	7	428.8447496221580811099755872	363.3660793570577218388789259	480.3999259435857407919590819	117.033846586528018953080156	22.8708881782794994219199646	7	1433672	1348708	1461088	112380	20864
sparse	records-1000000	raw_plus_ready	dumi	on	7	7	0	pass	04a694611309dc09c12ad8e57e4bf5fed38a43786bb585da0d42b4c78d9247d6	1000000	22b7228cba0d0c35ee5aef376cb36e21b29717043a50a0fe46e30c971b380e0b	coordinate	1	6216b516ec3a8a9c24ca40a458fc2297b99ed1874119c0eaf24ce5de47f85502	7	5.055293404	4.988125149	5.219252742	0.231127593	0.039216191	7	6.3	6.15	6.49	0.34	0.07	7	0.53	0.52	0.58	0.06	0.01	7	135.1038600468246012672337936	132.5490937757962992331172859	136.2551405343748252194859049	3.706046758578525986368619	0.356144468894633852344173	7	253632	237852	291324	53472	11020
sparse	records-1000000	ready	canonical-upstream	legacy	7	7	0	pass	04a694611309dc09c12ad8e57e4bf5fed38a43786bb585da0d42b4c78d9247d6	1000000	22b7228cba0d0c35ee5aef376cb36e21b29717043a50a0fe46e30c971b380e0b	coordinate	1	6216b516ec3a8a9c24ca40a458fc2297b99ed1874119c0eaf24ce5de47f85502	7	0.144854951	0.133301576	0.149538394	0.016236818	0.004683443	7	0.13	0.12	0.13	0.01	0	7	0	0	0.01	0.01	0	7	99	97	99	2	0	7	2048	2048	2048	0	0
sparse	records-1000000	ready	dumi	auto	7	7	0	pass	04a694611309dc09c12ad8e57e4bf5fed38a43786bb585da0d42b4c78d9247d6	1000000	22b7228cba0d0c35ee5aef376cb36e21b29717043a50a0fe46e30c971b380e0b	coordinate	1	6216b516ec3a8a9c24ca40a458fc2297b99ed1874119c0eaf24ce5de47f85502	7	1.614797515	1.591421486	1.629536726	0.03811524	0.003222121	7	1.39	1.37	1.42	0.05	0	7	0.2	0.19	0.2	0.01	0	7	99	99	99	0	0	7	237568	237568	237568	0	0
sparse	records-1000000	ready	dumi	off	7	7	0	pass	04a694611309dc09c12ad8e57e4bf5fed38a43786bb585da0d42b4c78d9247d6	1000000	22b7228cba0d0c35ee5aef376cb36e21b29717043a50a0fe46e30c971b380e0b	coordinate	1	6216b516ec3a8a9c24ca40a458fc2297b99ed1874119c0eaf24ce5de47f85502	7	0.144959961	0.134187557	0.147886973	0.013699416	0.002927012	7	0.13	0.11	0.14	0.03	0.01	7	0	0	0.01	0.01	0	7	99	97	99	2	0	7	2048	2048	2048	0	0
sparse	records-1000000	ready	dumi	on	7	7	0	pass	04a694611309dc09c12ad8e57e4bf5fed38a43786bb585da0d42b4c78d9247d6	1000000	22b7228cba0d0c35ee5aef376cb36e21b29717043a50a0fe46e30c971b380e0b	coordinate	1	6216b516ec3a8a9c24ca40a458fc2297b99ed1874119c0eaf24ce5de47f85502	7	1.618937152	1.605429033	1.664541175	0.059112142	0.005834522	7	1.4	1.39	1.44	0.05	0.01	7	0.2	0.19	0.21	0.02	0.01	7	99	99	99	0	0	7	237568	237568	237568	0	0
