benchmark_id,workload_id,workload,scale,workload_description,input_records,stage,implementation,mode,commit,runtime_id,repetitions,attempts,successful_repetitions,failed_repetitions,correctness_status,input_sha256,output_records,semantic_sha256,sort_order,reference_sequences,reference_dictionary_sha256,elapsed_s_median,elapsed_s_min,elapsed_s_max,elapsed_s_mad,max_rss_kib_median,max_rss_kib_min,max_rss_kib_max,max_rss_kib_mad,baseline_implementation,baseline_mode,matched_pairs,elapsed_speedup_median,elapsed_speedup_min,elapsed_speedup_max,elapsed_speedup_mad,elapsed_change_pct_median,max_rss_reduction_pct_median,max_rss_reduction_pct_min,max_rss_reduction_pct_max,max_rss_reduction_pct_mad,results_source
dumi-2026-07-25-standard-n7-299532964a57,hotspot__families-65536__children_per_family-3__parent_copies-8__child_copies-2__seed-1729,hotspot,families-65536,"65,536 error-connected UMI families at one coordinate",917504,raw,canonical-upstream,legacy,efeab35f5d29dec1d496ade3f681eeb34d9c2057,04385711a6838b779a934a4d3b0ae9d2a71106e108b465895f284a1fa0aa4566,7,7,7,0,pass,c908b92b7207bad7603f8cee44aca166739430e31ec604a9ad9149a803c0c412,65536,3cf8a6517636d42763c094c7fbcf14b2785942b6e1adc4541843335e0a82f44d,coordinate,1,43e376761b9eee1f83af202748aefe5b4a162610442db37be3291c635a6f75f0,4.538459266,4.401190118,4.70946132,0.075746237,570436,557496,601828,1184,,,,,,,,,,,,,../benchmarks/2026-07-25/benchmark/summary.tsv;../benchmarks/2026-07-25/benchmark/comparisons.tsv
dumi-2026-07-25-standard-n7-299532964a57,hotspot__families-65536__children_per_family-3__parent_copies-8__child_copies-2__seed-1729,hotspot,families-65536,"65,536 error-connected UMI families at one coordinate",917504,raw,dumi,auto,299532964a57905c835bd750563988a09af6e1df,04385711a6838b779a934a4d3b0ae9d2a71106e108b465895f284a1fa0aa4566,7,7,7,0,pass,c908b92b7207bad7603f8cee44aca166739430e31ec604a9ad9149a803c0c412,65536,3cf8a6517636d42763c094c7fbcf14b2785942b6e1adc4541843335e0a82f44d,unsorted,1,43e376761b9eee1f83af202748aefe5b4a162610442db37be3291c635a6f75f0,3.435328528,3.298903656,3.750378405,0.090524017,480780,450896,579524,14996,canonical-upstream,legacy,7,1.299064410470846239833048072,1.210788046333153947434805582,1.427583770576172291828822054,0.035985244192199950339486566,-23.02152287910422124523301944,15.83454708419696375553190297,-2.010195316350527368228352555,22.60512970483260998158942422,5.12135331479608717393257683,../benchmarks/2026-07-25/benchmark/summary.tsv;../benchmarks/2026-07-25/benchmark/comparisons.tsv
dumi-2026-07-25-standard-n7-299532964a57,hotspot__families-65536__children_per_family-3__parent_copies-8__child_copies-2__seed-1729,hotspot,families-65536,"65,536 error-connected UMI families at one coordinate",917504,raw,dumi,off,299532964a57905c835bd750563988a09af6e1df,04385711a6838b779a934a4d3b0ae9d2a71106e108b465895f284a1fa0aa4566,7,7,7,0,pass,c908b92b7207bad7603f8cee44aca166739430e31ec604a9ad9149a803c0c412,65536,3cf8a6517636d42763c094c7fbcf14b2785942b6e1adc4541843335e0a82f44d,coordinate,1,43e376761b9eee1f83af202748aefe5b4a162610442db37be3291c635a6f75f0,3.726010398,3.611605115,4.027774397,0.074780436,448716,442368,456836,3340,canonical-upstream,legacy,7,1.208405860890095026654766332,1.092710187859114096255575359,1.303980133498066551497837271,0.037411774488217487437213768,-17.24634641680620076760649282,21.49934920434983415207624806,19.38668618250175786014608177,25.99613178516120885036920848,0.79025188620408572874981843,../benchmarks/2026-07-25/benchmark/summary.tsv;../benchmarks/2026-07-25/benchmark/comparisons.tsv
dumi-2026-07-25-standard-n7-299532964a57,hotspot__families-65536__children_per_family-3__parent_copies-8__child_copies-2__seed-1729,hotspot,families-65536,"65,536 error-connected UMI families at one coordinate",917504,raw,dumi,on,299532964a57905c835bd750563988a09af6e1df,04385711a6838b779a934a4d3b0ae9d2a71106e108b465895f284a1fa0aa4566,7,7,7,0,pass,c908b92b7207bad7603f8cee44aca166739430e31ec604a9ad9149a803c0c412,65536,3cf8a6517636d42763c094c7fbcf14b2785942b6e1adc4541843335e0a82f44d,unsorted,1,43e376761b9eee1f83af202748aefe5b4a162610442db37be3291c635a6f75f0,3.449170411,3.227803357,3.53166141,0.074320289,481196,468904,504900,4924,canonical-upstream,legacy,7,1.315811840298197432263662081,1.264217883040019600924790269,1.382585162544646303247524629,0.030039277520159205773541104,-24.0012918736638056233245038,16.58941581527112594576779867,11.12542773858307633813527101,20.0442651388768884133008102,1.45020792775782136899338827,../benchmarks/2026-07-25/benchmark/summary.tsv;../benchmarks/2026-07-25/benchmark/comparisons.tsv
dumi-2026-07-25-standard-n7-299532964a57,hotspot__families-65536__children_per_family-3__parent_copies-8__child_copies-2__seed-1729,hotspot,families-65536,"65,536 error-connected UMI families at one coordinate",917504,raw_plus_ready,canonical-upstream,legacy,efeab35f5d29dec1d496ade3f681eeb34d9c2057,04385711a6838b779a934a4d3b0ae9d2a71106e108b465895f284a1fa0aa4566,7,7,7,0,pass,c908b92b7207bad7603f8cee44aca166739430e31ec604a9ad9149a803c0c412,65536,3cf8a6517636d42763c094c7fbcf14b2785942b6e1adc4541843335e0a82f44d,coordinate,1,43e376761b9eee1f83af202748aefe5b4a162610442db37be3291c635a6f75f0,4.560832826,4.424585465,4.73219326,0.075019615,570436,557496,601828,1184,,,,,,,,,,,,,../benchmarks/2026-07-25/benchmark/summary.tsv;../benchmarks/2026-07-25/benchmark/comparisons.tsv
dumi-2026-07-25-standard-n7-299532964a57,hotspot__families-65536__children_per_family-3__parent_copies-8__child_copies-2__seed-1729,hotspot,families-65536,"65,536 error-connected UMI families at one coordinate",917504,raw_plus_ready,dumi,auto,299532964a57905c835bd750563988a09af6e1df,04385711a6838b779a934a4d3b0ae9d2a71106e108b465895f284a1fa0aa4566,7,7,7,0,pass,c908b92b7207bad7603f8cee44aca166739430e31ec604a9ad9149a803c0c412,65536,3cf8a6517636d42763c094c7fbcf14b2785942b6e1adc4541843335e0a82f44d,coordinate,1,43e376761b9eee1f83af202748aefe5b4a162610442db37be3291c635a6f75f0,3.52999245,3.404077614,3.860113643,0.074573642,480780,450896,579524,14996,canonical-upstream,legacy,7,1.270771332952850933151429262,1.182005743865608777363138373,1.390154337415175046593400029,0.028920319874202378669890354,-21.30763623095495850328664075,15.83454708419696375553190297,-2.010195316350527368228352555,22.60512970483260998158942422,5.12135331479608717393257683,../benchmarks/2026-07-25/benchmark/summary.tsv;../benchmarks/2026-07-25/benchmark/comparisons.tsv
dumi-2026-07-25-standard-n7-299532964a57,hotspot__families-65536__children_per_family-3__parent_copies-8__child_copies-2__seed-1729,hotspot,families-65536,"65,536 error-connected UMI families at one coordinate",917504,raw_plus_ready,dumi,off,299532964a57905c835bd750563988a09af6e1df,04385711a6838b779a934a4d3b0ae9d2a71106e108b465895f284a1fa0aa4566,7,7,7,0,pass,c908b92b7207bad7603f8cee44aca166739430e31ec604a9ad9149a803c0c412,65536,3cf8a6517636d42763c094c7fbcf14b2785942b6e1adc4541843335e0a82f44d,coordinate,1,43e376761b9eee1f83af202748aefe5b4a162610442db37be3291c635a6f75f0,3.749124045,3.626103879,4.05129103,0.082104545,448716,442368,456836,3340,canonical-upstream,legacy,7,1.20718029205964310178524463,1.092142093035463808681253887,1.305035216284271264805648994,0.037066295121035921056057414,-17.16233220691172073229592213,21.49934920434983415207624806,19.38668618250175786014608177,25.99613178516120885036920848,0.79025188620408572874981843,../benchmarks/2026-07-25/benchmark/summary.tsv;../benchmarks/2026-07-25/benchmark/comparisons.tsv
dumi-2026-07-25-standard-n7-299532964a57,hotspot__families-65536__children_per_family-3__parent_copies-8__child_copies-2__seed-1729,hotspot,families-65536,"65,536 error-connected UMI families at one coordinate",917504,raw_plus_ready,dumi,on,299532964a57905c835bd750563988a09af6e1df,04385711a6838b779a934a4d3b0ae9d2a71106e108b465895f284a1fa0aa4566,7,7,7,0,pass,c908b92b7207bad7603f8cee44aca166739430e31ec604a9ad9149a803c0c412,65536,3cf8a6517636d42763c094c7fbcf14b2785942b6e1adc4541843335e0a82f44d,coordinate,1,43e376761b9eee1f83af202748aefe5b4a162610442db37be3291c635a6f75f0,3.559653231,3.347455426,3.654266875,0.087254186,481196,468904,504900,4924,canonical-upstream,legacy,7,1.28125761978189723278694278,1.224993438396580992490912014,1.340066599889058537683423062,0.032668872962468506744595367,-21.9516836769934263755888868,16.58941581527112594576779867,11.12542773858307633813527101,20.0442651388768884133008102,1.45020792775782136899338827,../benchmarks/2026-07-25/benchmark/summary.tsv;../benchmarks/2026-07-25/benchmark/comparisons.tsv
dumi-2026-07-25-standard-n7-299532964a57,hotspot__families-65536__children_per_family-3__parent_copies-8__child_copies-2__seed-1729,hotspot,families-65536,"65,536 error-connected UMI families at one coordinate",917504,ready,canonical-upstream,legacy,efeab35f5d29dec1d496ade3f681eeb34d9c2057,04385711a6838b779a934a4d3b0ae9d2a71106e108b465895f284a1fa0aa4566,7,7,7,0,pass,c908b92b7207bad7603f8cee44aca166739430e31ec604a9ad9149a803c0c412,65536,3cf8a6517636d42763c094c7fbcf14b2785942b6e1adc4541843335e0a82f44d,coordinate,1,43e376761b9eee1f83af202748aefe5b4a162610442db37be3291c635a6f75f0,0.02237356,0.021763156,0.023395347,0.00035838,2048,2048,2048,0,,,,,,,,,,,,,../benchmarks/2026-07-25/benchmark/summary.tsv;../benchmarks/2026-07-25/benchmark/comparisons.tsv
dumi-2026-07-25-standard-n7-299532964a57,hotspot__families-65536__children_per_family-3__parent_copies-8__child_copies-2__seed-1729,hotspot,families-65536,"65,536 error-connected UMI families at one coordinate",917504,ready,dumi,auto,299532964a57905c835bd750563988a09af6e1df,04385711a6838b779a934a4d3b0ae9d2a71106e108b465895f284a1fa0aa4566,7,7,7,0,pass,c908b92b7207bad7603f8cee44aca166739430e31ec604a9ad9149a803c0c412,65536,3cf8a6517636d42763c094c7fbcf14b2785942b6e1adc4541843335e0a82f44d,coordinate,1,43e376761b9eee1f83af202748aefe5b4a162610442db37be3291c635a6f75f0,0.109735238,0.094663922,0.123681823,0.00634539,16384,16384,16384,0,canonical-upstream,legacy,7,0.2023851847395183431405498058,0.1808961046765942316357998701,0.2440230819931589143327486474,0.021337017297455535255435388,394.107313876289372588553168,-700,-700,-700,0,../benchmarks/2026-07-25/benchmark/summary.tsv;../benchmarks/2026-07-25/benchmark/comparisons.tsv
dumi-2026-07-25-standard-n7-299532964a57,hotspot__families-65536__children_per_family-3__parent_copies-8__child_copies-2__seed-1729,hotspot,families-65536,"65,536 error-connected UMI families at one coordinate",917504,ready,dumi,off,299532964a57905c835bd750563988a09af6e1df,04385711a6838b779a934a4d3b0ae9d2a71106e108b465895f284a1fa0aa4566,7,7,7,0,pass,c908b92b7207bad7603f8cee44aca166739430e31ec604a9ad9149a803c0c412,65536,3cf8a6517636d42763c094c7fbcf14b2785942b6e1adc4541843335e0a82f44d,coordinate,1,43e376761b9eee1f83af202748aefe5b4a162610442db37be3291c635a6f75f0,0.022460059,0.014498764,0.023516633,0.000653588,2048,2048,2048,0,canonical-upstream,legacy,7,1.001202594424963057162032885,0.967242815467416284414138539,1.567853646007342418981369722,0.027297909514051528685671255,-0.1201149928755191395557971105,0,0,0,0,../benchmarks/2026-07-25/benchmark/summary.tsv;../benchmarks/2026-07-25/benchmark/comparisons.tsv
dumi-2026-07-25-standard-n7-299532964a57,hotspot__families-65536__children_per_family-3__parent_copies-8__child_copies-2__seed-1729,hotspot,families-65536,"65,536 error-connected UMI families at one coordinate",917504,ready,dumi,on,299532964a57905c835bd750563988a09af6e1df,04385711a6838b779a934a4d3b0ae9d2a71106e108b465895f284a1fa0aa4566,7,7,7,0,pass,c908b92b7207bad7603f8cee44aca166739430e31ec604a9ad9149a803c0c412,65536,3cf8a6517636d42763c094c7fbcf14b2785942b6e1adc4541843335e0a82f44d,coordinate,1,43e376761b9eee1f83af202748aefe5b4a162610442db37be3291c635a6f75f0,0.122605465,0.11048282,0.130571743,0.001586515,16384,16384,16384,0,canonical-upstream,legacy,7,0.1834935200991602165935788014,0.1775055948770309708462016762,0.2025071409292413064764277378,0.0043173334107432594882424653,444.9783727837355047521495951,-700,-700,-700,0,../benchmarks/2026-07-25/benchmark/summary.tsv;../benchmarks/2026-07-25/benchmark/comparisons.tsv
dumi-2026-07-25-standard-n7-299532964a57,moderate__groups-4096__families_per_group-16__children_per_family-3__parent_copies-8__child_copies-2__seed-1729,moderate,groups-4096-families-16,"4,096 coordinate groups with 16 error-connected UMI families each",917504,raw,canonical-upstream,legacy,efeab35f5d29dec1d496ade3f681eeb34d9c2057,04385711a6838b779a934a4d3b0ae9d2a71106e108b465895f284a1fa0aa4566,7,7,7,0,pass,caa43446c48f6408806377b70168cd7e990ba0872b24bc72b657d5181ef59909,65536,8471d526f9930e2373263bb83a678f6800fe67e60ab4ab6497f56df2c423a864,coordinate,1,dfd74c709c02c3d1723dd2727760b7cf74a166e9ec1f671a7f41bb529aa5e430,3.219559965,3.075696303,3.393942009,0.061600178,553532,546860,572260,6540,,,,,,,,,,,,,../benchmarks/2026-07-25/benchmark/summary.tsv;../benchmarks/2026-07-25/benchmark/comparisons.tsv
dumi-2026-07-25-standard-n7-299532964a57,moderate__groups-4096__families_per_group-16__children_per_family-3__parent_copies-8__child_copies-2__seed-1729,moderate,groups-4096-families-16,"4,096 coordinate groups with 16 error-connected UMI families each",917504,raw,dumi,auto,299532964a57905c835bd750563988a09af6e1df,04385711a6838b779a934a4d3b0ae9d2a71106e108b465895f284a1fa0aa4566,7,7,7,0,pass,caa43446c48f6408806377b70168cd7e990ba0872b24bc72b657d5181ef59909,65536,8471d526f9930e2373263bb83a678f6800fe67e60ab4ab6497f56df2c423a864,unsorted,1,dfd74c709c02c3d1723dd2727760b7cf74a166e9ec1f671a7f41bb529aa5e430,2.131824465,2.091375321,2.257310177,0.031842026,428804,403676,436856,2660,canonical-upstream,legacy,7,1.48359206769868831578494902,1.454551841278634156776968723,1.57129281868198748959726426,0.029040226420054159007980297,-32.59602678038205533625886491,23.33169533169533169533169533,21.97588374431271564663247665,26.18293530336832095966060783,0.79858071501553721190526289,../benchmarks/2026-07-25/benchmark/summary.tsv;../benchmarks/2026-07-25/benchmark/comparisons.tsv
dumi-2026-07-25-standard-n7-299532964a57,moderate__groups-4096__families_per_group-16__children_per_family-3__parent_copies-8__child_copies-2__seed-1729,moderate,groups-4096-families-16,"4,096 coordinate groups with 16 error-connected UMI families each",917504,raw,dumi,off,299532964a57905c835bd750563988a09af6e1df,04385711a6838b779a934a4d3b0ae9d2a71106e108b465895f284a1fa0aa4566,7,7,7,0,pass,caa43446c48f6408806377b70168cd7e990ba0872b24bc72b657d5181ef59909,65536,8471d526f9930e2373263bb83a678f6800fe67e60ab4ab6497f56df2c423a864,coordinate,1,dfd74c709c02c3d1723dd2727760b7cf74a166e9ec1f671a7f41bb529aa5e430,2.637462316,2.438187375,2.768432585,0.070753789,430332,415076,450000,1232,canonical-upstream,legacy,7,1.206415913595684643530259973,1.168298418398293425488750008,1.357317227516199406126446701,0.02121091320012688065267847,-17.10984671782623561105189727,23.04775100344241454670113843,18.70388703814774936227715832,26.68515268515268515268515269,1.89166902013856731908980098,../benchmarks/2026-07-25/benchmark/summary.tsv;../benchmarks/2026-07-25/benchmark/comparisons.tsv
dumi-2026-07-25-standard-n7-299532964a57,moderate__groups-4096__families_per_group-16__children_per_family-3__parent_copies-8__child_copies-2__seed-1729,moderate,groups-4096-families-16,"4,096 coordinate groups with 16 error-connected UMI families each",917504,raw,dumi,on,299532964a57905c835bd750563988a09af6e1df,04385711a6838b779a934a4d3b0ae9d2a71106e108b465895f284a1fa0aa4566,7,7,7,0,pass,caa43446c48f6408806377b70168cd7e990ba0872b24bc72b657d5181ef59909,65536,8471d526f9930e2373263bb83a678f6800fe67e60ab4ab6497f56df2c423a864,unsorted,1,dfd74c709c02c3d1723dd2727760b7cf74a166e9ec1f671a7f41bb529aa5e430,2.102988831,2.065332331,2.283704524,0.0376565,427940,421888,442180,1616,canonical-upstream,legacy,7,1.52314309479054438876627869,1.346801335582939012472701131,1.560236599753962269141504537,0.027016034195552429411841781,-34.34628673955841382012156483,22.67774230992455020313406849,20.06363603115971180923819625,25.95858195858195858195858196,1.62830580890325294135344029,../benchmarks/2026-07-25/benchmark/summary.tsv;../benchmarks/2026-07-25/benchmark/comparisons.tsv
dumi-2026-07-25-standard-n7-299532964a57,moderate__groups-4096__families_per_group-16__children_per_family-3__parent_copies-8__child_copies-2__seed-1729,moderate,groups-4096-families-16,"4,096 coordinate groups with 16 error-connected UMI families each",917504,raw_plus_ready,canonical-upstream,legacy,efeab35f5d29dec1d496ade3f681eeb34d9c2057,04385711a6838b779a934a4d3b0ae9d2a71106e108b465895f284a1fa0aa4566,7,7,7,0,pass,caa43446c48f6408806377b70168cd7e990ba0872b24bc72b657d5181ef59909,65536,8471d526f9930e2373263bb83a678f6800fe67e60ab4ab6497f56df2c423a864,coordinate,1,dfd74c709c02c3d1723dd2727760b7cf74a166e9ec1f671a7f41bb529aa5e430,3.242730157,3.098774985,3.417693412,0.062218005,553532,546860,572260,6540,,,,,,,,,,,,,../benchmarks/2026-07-25/benchmark/summary.tsv;../benchmarks/2026-07-25/benchmark/comparisons.tsv
dumi-2026-07-25-standard-n7-299532964a57,moderate__groups-4096__families_per_group-16__children_per_family-3__parent_copies-8__child_copies-2__seed-1729,moderate,groups-4096-families-16,"4,096 coordinate groups with 16 error-connected UMI families each",917504,raw_plus_ready,dumi,auto,299532964a57905c835bd750563988a09af6e1df,04385711a6838b779a934a4d3b0ae9d2a71106e108b465895f284a1fa0aa4566,7,7,7,0,pass,caa43446c48f6408806377b70168cd7e990ba0872b24bc72b657d5181ef59909,65536,8471d526f9930e2373263bb83a678f6800fe67e60ab4ab6497f56df2c423a864,coordinate,1,dfd74c709c02c3d1723dd2727760b7cf74a166e9ec1f671a7f41bb529aa5e430,2.270677436,2.230686761,2.40088887,0.036915761,428804,403676,436856,2660,canonical-upstream,legacy,7,1.403126881206212858143713901,1.381614124518991523644181297,1.494014210277304351674334969,0.021512756687221334499532604,-28.73060780217257135085796836,23.33169533169533169533169533,21.97588374431271564663247665,26.18293530336832095966060783,0.79858071501553721190526289,../benchmarks/2026-07-25/benchmark/summary.tsv;../benchmarks/2026-07-25/benchmark/comparisons.tsv
dumi-2026-07-25-standard-n7-299532964a57,moderate__groups-4096__families_per_group-16__children_per_family-3__parent_copies-8__child_copies-2__seed-1729,moderate,groups-4096-families-16,"4,096 coordinate groups with 16 error-connected UMI families each",917504,raw_plus_ready,dumi,off,299532964a57905c835bd750563988a09af6e1df,04385711a6838b779a934a4d3b0ae9d2a71106e108b465895f284a1fa0aa4566,7,7,7,0,pass,caa43446c48f6408806377b70168cd7e990ba0872b24bc72b657d5181ef59909,65536,8471d526f9930e2373263bb83a678f6800fe67e60ab4ab6497f56df2c423a864,coordinate,1,dfd74c709c02c3d1723dd2727760b7cf74a166e9ec1f671a7f41bb529aa5e430,2.66047978,2.462569266,2.790711891,0.070272745,430332,415076,450000,1232,canonical-upstream,legacy,7,1.208028751900243834947681831,1.170211982175777508909783419,1.349444959328100377583450276,0.023761693498979438715530613,-17.22051330094686013061308203,23.04775100344241454670113843,18.70388703814774936227715832,26.68515268515268515268515269,1.89166902013856731908980098,../benchmarks/2026-07-25/benchmark/summary.tsv;../benchmarks/2026-07-25/benchmark/comparisons.tsv
dumi-2026-07-25-standard-n7-299532964a57,moderate__groups-4096__families_per_group-16__children_per_family-3__parent_copies-8__child_copies-2__seed-1729,moderate,groups-4096-families-16,"4,096 coordinate groups with 16 error-connected UMI families each",917504,raw_plus_ready,dumi,on,299532964a57905c835bd750563988a09af6e1df,04385711a6838b779a934a4d3b0ae9d2a71106e108b465895f284a1fa0aa4566,7,7,7,0,pass,caa43446c48f6408806377b70168cd7e990ba0872b24bc72b657d5181ef59909,65536,8471d526f9930e2373263bb83a678f6800fe67e60ab4ab6497f56df2c423a864,coordinate,1,dfd74c709c02c3d1723dd2727760b7cf74a166e9ec1f671a7f41bb529aa5e430,2.237557349,2.203380504,2.421234023,0.034176845,427940,421888,442180,1616,canonical-upstream,legacy,7,1.443615602609340461641267056,1.279832909815343363857893385,1.483066361128784421274428193,0.022798474358075464374047386,-30.72948240566973947754459971,22.67774230992455020313406849,20.06363603115971180923819625,25.95858195858195858195858196,1.62830580890325294135344029,../benchmarks/2026-07-25/benchmark/summary.tsv;../benchmarks/2026-07-25/benchmark/comparisons.tsv
dumi-2026-07-25-standard-n7-299532964a57,moderate__groups-4096__families_per_group-16__children_per_family-3__parent_copies-8__child_copies-2__seed-1729,moderate,groups-4096-families-16,"4,096 coordinate groups with 16 error-connected UMI families each",917504,ready,canonical-upstream,legacy,efeab35f5d29dec1d496ade3f681eeb34d9c2057,04385711a6838b779a934a4d3b0ae9d2a71106e108b465895f284a1fa0aa4566,7,7,7,0,pass,caa43446c48f6408806377b70168cd7e990ba0872b24bc72b657d5181ef59909,65536,8471d526f9930e2373263bb83a678f6800fe67e60ab4ab6497f56df2c423a864,coordinate,1,dfd74c709c02c3d1723dd2727760b7cf74a166e9ec1f671a7f41bb529aa5e430,0.023170192,0.013707955,0.023788019,0.000120491,2048,2048,2048,0,,,,,,,,,,,,,../benchmarks/2026-07-25/benchmark/summary.tsv;../benchmarks/2026-07-25/benchmark/comparisons.tsv
dumi-2026-07-25-standard-n7-299532964a57,moderate__groups-4096__families_per_group-16__children_per_family-3__parent_copies-8__child_copies-2__seed-1729,moderate,groups-4096-families-16,"4,096 coordinate groups with 16 error-connected UMI families each",917504,ready,dumi,auto,299532964a57905c835bd750563988a09af6e1df,04385711a6838b779a934a4d3b0ae9d2a71106e108b465895f284a1fa0aa4566,7,7,7,0,pass,caa43446c48f6408806377b70168cd7e990ba0872b24bc72b657d5181ef59909,65536,8471d526f9930e2373263bb83a678f6800fe67e60ab4ab6497f56df2c423a864,coordinate,1,dfd74c709c02c3d1723dd2727760b7cf74a166e9ec1f671a7f41bb529aa5e430,0.138852971,0.127623093,0.143578693,0.004725722,18432,16384,18432,0,canonical-upstream,legacy,7,0.1707542395656810381114429655,0.095473462765119334245506748,0.1861058405785542276427981572,0.0030179438835382339794377526,485.636996506518680685432444,-800,-800,-700,0,../benchmarks/2026-07-25/benchmark/summary.tsv;../benchmarks/2026-07-25/benchmark/comparisons.tsv
dumi-2026-07-25-standard-n7-299532964a57,moderate__groups-4096__families_per_group-16__children_per_family-3__parent_copies-8__child_copies-2__seed-1729,moderate,groups-4096-families-16,"4,096 coordinate groups with 16 error-connected UMI families each",917504,ready,dumi,off,299532964a57905c835bd750563988a09af6e1df,04385711a6838b779a934a4d3b0ae9d2a71106e108b465895f284a1fa0aa4566,7,7,7,0,pass,caa43446c48f6408806377b70168cd7e990ba0872b24bc72b657d5181ef59909,65536,8471d526f9930e2373263bb83a678f6800fe67e60ab4ab6497f56df2c423a864,coordinate,1,dfd74c709c02c3d1723dd2727760b7cf74a166e9ec1f671a7f41bb529aa5e430,0.023017464,0.015299443,0.024381891,0.000738158,2048,2048,2048,0,canonical-upstream,legacy,7,1.031886179989246426104978376,0.5622186974751056019403909237,1.512680690401604816593649847,0.0497522504648698146196874801,-3.090086930864673552126583849,0,0,0,0,../benchmarks/2026-07-25/benchmark/summary.tsv;../benchmarks/2026-07-25/benchmark/comparisons.tsv
dumi-2026-07-25-standard-n7-299532964a57,moderate__groups-4096__families_per_group-16__children_per_family-3__parent_copies-8__child_copies-2__seed-1729,moderate,groups-4096-families-16,"4,096 coordinate groups with 16 error-connected UMI families each",917504,ready,dumi,on,299532964a57905c835bd750563988a09af6e1df,04385711a6838b779a934a4d3b0ae9d2a71106e108b465895f284a1fa0aa4566,7,7,7,0,pass,caa43446c48f6408806377b70168cd7e990ba0872b24bc72b657d5181ef59909,65536,8471d526f9930e2373263bb83a678f6800fe67e60ab4ab6497f56df2c423a864,coordinate,1,dfd74c709c02c3d1723dd2727760b7cf74a166e9ec1f671a7f41bb529aa5e430,0.13732832,0.124194789,0.139928602,0.000719853,18432,18432,18432,0,canonical-upstream,legacy,7,0.168524394676931895766292051,0.09796392448771838655259344333,0.1895955348964139549152252473,0.0048979295984009258249503396,493.3859023300695341157210429,-800,-800,-800,0,../benchmarks/2026-07-25/benchmark/summary.tsv;../benchmarks/2026-07-25/benchmark/comparisons.tsv
dumi-2026-07-25-standard-n7-299532964a57,paired__references-10__pairs_per_reference-5__seed-1729,paired,references-10,10 references with five read pairs per reference,100,raw,canonical-upstream,legacy,efeab35f5d29dec1d496ade3f681eeb34d9c2057,04385711a6838b779a934a4d3b0ae9d2a71106e108b465895f284a1fa0aa4566,7,7,7,0,pass,f46cbee3b054db041c9999556cb93a235335f772f659994621fb337dfc46e985,100,624aeb2d2500f232627a64f5d1e7c131ab8774de141e2cc1aa28bc58f5c036fc,coordinate,10,f6217beb67a6285781b26fde120aa3a094be1b9152fdd17b2f71ddf81233ed6c,0.241996765,0.230299641,0.256041188,0.006635725,57344,53248,59392,2048,,,,,,,,,,,,,../benchmarks/2026-07-25/benchmark/summary.tsv;../benchmarks/2026-07-25/benchmark/comparisons.tsv
dumi-2026-07-25-standard-n7-299532964a57,paired__references-10__pairs_per_reference-5__seed-1729,paired,references-10,10 references with five read pairs per reference,100,raw,dumi,auto,299532964a57905c835bd750563988a09af6e1df,04385711a6838b779a934a4d3b0ae9d2a71106e108b465895f284a1fa0aa4566,7,7,7,0,pass,f46cbee3b054db041c9999556cb93a235335f772f659994621fb337dfc46e985,100,624aeb2d2500f232627a64f5d1e7c131ab8774de141e2cc1aa28bc58f5c036fc,coordinate,10,f6217beb67a6285781b26fde120aa3a094be1b9152fdd17b2f71ddf81233ed6c,0.262818729,0.248376344,0.27715229,0.010341852,57344,53248,59392,2048,canonical-upstream,legacy,7,0.9182742523410221573429870779,0.8464626469440321059587853306,1.001031281787447519559270105,0.0316019837848321161965203372,8.89992803899581800061796563,0,-11.53846153846153846153846154,6.896551724137931034482758621,3.703703703703703703703703704,../benchmarks/2026-07-25/benchmark/summary.tsv;../benchmarks/2026-07-25/benchmark/comparisons.tsv
dumi-2026-07-25-standard-n7-299532964a57,paired__references-10__pairs_per_reference-5__seed-1729,paired,references-10,10 references with five read pairs per reference,100,raw,dumi,off,299532964a57905c835bd750563988a09af6e1df,04385711a6838b779a934a4d3b0ae9d2a71106e108b465895f284a1fa0aa4566,7,7,7,0,pass,f46cbee3b054db041c9999556cb93a235335f772f659994621fb337dfc46e985,100,624aeb2d2500f232627a64f5d1e7c131ab8774de141e2cc1aa28bc58f5c036fc,coordinate,10,f6217beb67a6285781b26fde120aa3a094be1b9152fdd17b2f71ddf81233ed6c,0.264788964,0.239222483,0.284434678,0.006451399,55296,51200,57344,0,canonical-upstream,legacy,7,0.9320994279468096900675414233,0.8507990892727925390307014534,0.9935814552609651463722163677,0.0348637873328120089697341635,7.284691956389126779046455272,3.571428571428571428571428571,-3.846153846153846153846153846,7.407407407407407407407407407,3.571428571428571428571428571,../benchmarks/2026-07-25/benchmark/summary.tsv;../benchmarks/2026-07-25/benchmark/comparisons.tsv
dumi-2026-07-25-standard-n7-299532964a57,paired__references-10__pairs_per_reference-5__seed-1729,paired,references-10,10 references with five read pairs per reference,100,raw,intermediate-pr32,legacy,aeacd8231cf8e77c03d03139ed6e65a4c2845015,04385711a6838b779a934a4d3b0ae9d2a71106e108b465895f284a1fa0aa4566,7,7,7,0,pass,f46cbee3b054db041c9999556cb93a235335f772f659994621fb337dfc46e985,100,624aeb2d2500f232627a64f5d1e7c131ab8774de141e2cc1aa28bc58f5c036fc,coordinate,10,f6217beb67a6285781b26fde120aa3a094be1b9152fdd17b2f71ddf81233ed6c,0.231615352,0.226502608,0.236583836,0.0022208,53248,53248,57344,0,canonical-upstream,legacy,7,1.053938850782779994248552677,0.9916106905967996900684288507,1.094959807583559619985535855,0.030599873637691863123704086,-5.117834942958844925055093195,3.703703703703703703703703704,0,10.34482758620689655172413793,3.703703703703703703703703704,../benchmarks/2026-07-25/benchmark/summary.tsv;../benchmarks/2026-07-25/benchmark/comparisons.tsv
dumi-2026-07-25-standard-n7-299532964a57,paired__references-10__pairs_per_reference-5__seed-1729,paired,references-10,10 references with five read pairs per reference,100,raw_plus_ready,canonical-upstream,legacy,efeab35f5d29dec1d496ade3f681eeb34d9c2057,04385711a6838b779a934a4d3b0ae9d2a71106e108b465895f284a1fa0aa4566,7,7,7,0,pass,f46cbee3b054db041c9999556cb93a235335f772f659994621fb337dfc46e985,100,624aeb2d2500f232627a64f5d1e7c131ab8774de141e2cc1aa28bc58f5c036fc,coordinate,10,f6217beb67a6285781b26fde120aa3a094be1b9152fdd17b2f71ddf81233ed6c,0.250055466,0.239631813,0.265427372,0.005058404,57344,53248,59392,2048,,,,,,,,,,,,,../benchmarks/2026-07-25/benchmark/summary.tsv;../benchmarks/2026-07-25/benchmark/comparisons.tsv
dumi-2026-07-25-standard-n7-299532964a57,paired__references-10__pairs_per_reference-5__seed-1729,paired,references-10,10 references with five read pairs per reference,100,raw_plus_ready,dumi,auto,299532964a57905c835bd750563988a09af6e1df,04385711a6838b779a934a4d3b0ae9d2a71106e108b465895f284a1fa0aa4566,7,7,7,0,pass,f46cbee3b054db041c9999556cb93a235335f772f659994621fb337dfc46e985,100,624aeb2d2500f232627a64f5d1e7c131ab8774de141e2cc1aa28bc58f5c036fc,coordinate,10,f6217beb67a6285781b26fde120aa3a094be1b9152fdd17b2f71ddf81233ed6c,0.270674934,0.256658094,0.283994152,0.010896604,57344,53248,59392,2048,canonical-upstream,legacy,7,0.9219349483398475547061367607,0.8526101129011980500218187591,0.9939833419007623426051001532,0.0353839967516933128564461919,8.467522768360851444955041313,0,-11.53846153846153846153846154,6.896551724137931034482758621,3.703703703703703703703703704,../benchmarks/2026-07-25/benchmark/summary.tsv;../benchmarks/2026-07-25/benchmark/comparisons.tsv
dumi-2026-07-25-standard-n7-299532964a57,paired__references-10__pairs_per_reference-5__seed-1729,paired,references-10,10 references with five read pairs per reference,100,raw_plus_ready,dumi,off,299532964a57905c835bd750563988a09af6e1df,04385711a6838b779a934a4d3b0ae9d2a71106e108b465895f284a1fa0aa4566,7,7,7,0,pass,f46cbee3b054db041c9999556cb93a235335f772f659994621fb337dfc46e985,100,624aeb2d2500f232627a64f5d1e7c131ab8774de141e2cc1aa28bc58f5c036fc,coordinate,10,f6217beb67a6285781b26fde120aa3a094be1b9152fdd17b2f71ddf81233ed6c,0.271262804,0.24467857,0.291525288,0.007351159,55296,51200,57344,0,canonical-upstream,legacy,7,0.9315529377772937812129264781,0.8577488001658367283732860938,0.9945576701714075738602644464,0.0478209934991559708025442679,7.347629903462324490628439763,3.571428571428571428571428571,-3.846153846153846153846153846,7.407407407407407407407407407,3.571428571428571428571428571,../benchmarks/2026-07-25/benchmark/summary.tsv;../benchmarks/2026-07-25/benchmark/comparisons.tsv
dumi-2026-07-25-standard-n7-299532964a57,paired__references-10__pairs_per_reference-5__seed-1729,paired,references-10,10 references with five read pairs per reference,100,raw_plus_ready,intermediate-pr32,legacy,aeacd8231cf8e77c03d03139ed6e65a4c2845015,04385711a6838b779a934a4d3b0ae9d2a71106e108b465895f284a1fa0aa4566,7,7,7,0,pass,f46cbee3b054db041c9999556cb93a235335f772f659994621fb337dfc46e985,100,624aeb2d2500f232627a64f5d1e7c131ab8774de141e2cc1aa28bc58f5c036fc,coordinate,10,f6217beb67a6285781b26fde120aa3a094be1b9152fdd17b2f71ddf81233ed6c,0.239671851,0.234815177,0.245797425,0.001938147,53248,53248,57344,0,canonical-upstream,legacy,7,1.051830101465125029137643857,0.9851050555147190821872930524,1.107461601738119842867988698,0.023653040107431408327688765,-4.927611540393202202586525343,3.703703703703703703703703704,0,10.34482758620689655172413793,3.703703703703703703703703704,../benchmarks/2026-07-25/benchmark/summary.tsv;../benchmarks/2026-07-25/benchmark/comparisons.tsv
dumi-2026-07-25-standard-n7-299532964a57,paired__references-10__pairs_per_reference-5__seed-1729,paired,references-10,10 references with five read pairs per reference,100,ready,canonical-upstream,legacy,efeab35f5d29dec1d496ade3f681eeb34d9c2057,04385711a6838b779a934a4d3b0ae9d2a71106e108b465895f284a1fa0aa4566,7,7,7,0,pass,f46cbee3b054db041c9999556cb93a235335f772f659994621fb337dfc46e985,100,624aeb2d2500f232627a64f5d1e7c131ab8774de141e2cc1aa28bc58f5c036fc,coordinate,10,f6217beb67a6285781b26fde120aa3a094be1b9152fdd17b2f71ddf81233ed6c,0.008058701,0.00648138,0.009386184,0.001065985,2048,2048,2048,0,,,,,,,,,,,,,../benchmarks/2026-07-25/benchmark/summary.tsv;../benchmarks/2026-07-25/benchmark/comparisons.tsv
dumi-2026-07-25-standard-n7-299532964a57,paired__references-10__pairs_per_reference-5__seed-1729,paired,references-10,10 references with five read pairs per reference,100,ready,dumi,auto,299532964a57905c835bd750563988a09af6e1df,04385711a6838b779a934a4d3b0ae9d2a71106e108b465895f284a1fa0aa4566,7,7,7,0,pass,f46cbee3b054db041c9999556cb93a235335f772f659994621fb337dfc46e985,100,624aeb2d2500f232627a64f5d1e7c131ab8774de141e2cc1aa28bc58f5c036fc,coordinate,10,f6217beb67a6285781b26fde120aa3a094be1b9152fdd17b2f71ddf81233ed6c,0.007856205,0.006778149,0.009632712,0.000788375,2048,2048,2048,0,canonical-upstream,legacy,7,1.056059252057359318123386924,0.7826099556253207353518278142,1.346191415975069299892935372,0.1238333949306972940574404003,-5.308343442675931266877484573,0,0,0,0,../benchmarks/2026-07-25/benchmark/summary.tsv;../benchmarks/2026-07-25/benchmark/comparisons.tsv
dumi-2026-07-25-standard-n7-299532964a57,paired__references-10__pairs_per_reference-5__seed-1729,paired,references-10,10 references with five read pairs per reference,100,ready,dumi,off,299532964a57905c835bd750563988a09af6e1df,04385711a6838b779a934a4d3b0ae9d2a71106e108b465895f284a1fa0aa4566,7,7,7,0,pass,f46cbee3b054db041c9999556cb93a235335f772f659994621fb337dfc46e985,100,624aeb2d2500f232627a64f5d1e7c131ab8774de141e2cc1aa28bc58f5c036fc,coordinate,10,f6217beb67a6285781b26fde120aa3a094be1b9152fdd17b2f71ddf81233ed6c,0.007114092,0.005456087,0.007565625,0.000435453,2048,2048,2048,0,canonical-upstream,legacy,7,1.136531412671124205110702746,0.911062156632216732648382956,1.710414808268269915783967521,0.11434075953018897672836576,-12.01299067926704316241538183,0,0,0,0,../benchmarks/2026-07-25/benchmark/summary.tsv;../benchmarks/2026-07-25/benchmark/comparisons.tsv
dumi-2026-07-25-standard-n7-299532964a57,paired__references-10__pairs_per_reference-5__seed-1729,paired,references-10,10 references with five read pairs per reference,100,ready,intermediate-pr32,legacy,aeacd8231cf8e77c03d03139ed6e65a4c2845015,04385711a6838b779a934a4d3b0ae9d2a71106e108b465895f284a1fa0aa4566,7,7,7,0,pass,f46cbee3b054db041c9999556cb93a235335f772f659994621fb337dfc46e985,100,624aeb2d2500f232627a64f5d1e7c131ab8774de141e2cc1aa28bc58f5c036fc,coordinate,10,f6217beb67a6285781b26fde120aa3a094be1b9152fdd17b2f71ddf81233ed6c,0.008312569,0.005835699,0.009213589,0.000433364,2048,2048,2048,0,canonical-upstream,legacy,7,0.9922145390494431498704618875,0.8180552659772429614561708798,1.608407835976461431612562608,0.1427090412138456795313306932,0.7846549958858133587534765218,0,0,0,0,../benchmarks/2026-07-25/benchmark/summary.tsv;../benchmarks/2026-07-25/benchmark/comparisons.tsv
dumi-2026-07-25-standard-n7-299532964a57,paired__references-1000__pairs_per_reference-5__seed-1729,paired,references-1000,"1,000 references with five read pairs per reference",10000,raw,canonical-upstream,legacy,efeab35f5d29dec1d496ade3f681eeb34d9c2057,04385711a6838b779a934a4d3b0ae9d2a71106e108b465895f284a1fa0aa4566,7,7,7,0,pass,15ad2ea7ba52fb5fae4c589153e60c676c6809d646eac3a5de3977786c8b3a20,10000,c2785e89590fd7342d062a6938b7ca924e2cf0575001245b66a21f2ab101089d,coordinate,1000,4907ac04b13f1692021157dc85e5c8c67d847ad7a07f99bc02bd344931c2c6d3,3.26415904,3.167802414,3.292018626,0.027859586,733056,666828,757572,14168,,,,,,,,,,,,,../benchmarks/2026-07-25/benchmark/summary.tsv;../benchmarks/2026-07-25/benchmark/comparisons.tsv
dumi-2026-07-25-standard-n7-299532964a57,paired__references-1000__pairs_per_reference-5__seed-1729,paired,references-1000,"1,000 references with five read pairs per reference",10000,raw,dumi,auto,299532964a57905c835bd750563988a09af6e1df,04385711a6838b779a934a4d3b0ae9d2a71106e108b465895f284a1fa0aa4566,7,7,7,0,pass,15ad2ea7ba52fb5fae4c589153e60c676c6809d646eac3a5de3977786c8b3a20,10000,c2785e89590fd7342d062a6938b7ca924e2cf0575001245b66a21f2ab101089d,coordinate,1000,4907ac04b13f1692021157dc85e5c8c67d847ad7a07f99bc02bd344931c2c6d3,0.671961732,0.618170289,0.710593088,0.009446339,145408,141312,149504,1096,canonical-upstream,legacy,7,4.83119993158989160256072165,4.630481355033951582709456358,5.227043603514241364647662644,0.054535173543818824118630248,-79.3012085163092877348744381,80.16413480006984459577440196,77.88695135777141931652540085,81.08840187146023147008126077,0.28764484763089067045482555,../benchmarks/2026-07-25/benchmark/summary.tsv;../benchmarks/2026-07-25/benchmark/comparisons.tsv
dumi-2026-07-25-standard-n7-299532964a57,paired__references-1000__pairs_per_reference-5__seed-1729,paired,references-1000,"1,000 references with five read pairs per reference",10000,raw,dumi,off,299532964a57905c835bd750563988a09af6e1df,04385711a6838b779a934a4d3b0ae9d2a71106e108b465895f284a1fa0aa4566,7,7,7,0,pass,15ad2ea7ba52fb5fae4c589153e60c676c6809d646eac3a5de3977786c8b3a20,10000,c2785e89590fd7342d062a6938b7ca924e2cf0575001245b66a21f2ab101089d,coordinate,1000,4907ac04b13f1692021157dc85e5c8c67d847ad7a07f99bc02bd344931c2c6d3,0.67195027,0.62622486,0.695971301,0.015966765,145408,139584,147456,2048,canonical-upstream,legacy,7,4.859833587901614502922332085,4.730106861116102257210746683,5.125532582657290226389287707,0.076716035070552542085732073,-79.42316373775709163975049451,80.54023960686487586051839877,77.88695135777141931652540085,81.09222525046191190892885202,0.26580919113716222959052817,../benchmarks/2026-07-25/benchmark/summary.tsv;../benchmarks/2026-07-25/benchmark/comparisons.tsv
dumi-2026-07-25-standard-n7-299532964a57,paired__references-1000__pairs_per_reference-5__seed-1729,paired,references-1000,"1,000 references with five read pairs per reference",10000,raw,intermediate-pr32,legacy,aeacd8231cf8e77c03d03139ed6e65a4c2845015,04385711a6838b779a934a4d3b0ae9d2a71106e108b465895f284a1fa0aa4566,7,7,7,0,pass,15ad2ea7ba52fb5fae4c589153e60c676c6809d646eac3a5de3977786c8b3a20,10000,c2785e89590fd7342d062a6938b7ca924e2cf0575001245b66a21f2ab101089d,coordinate,1000,4907ac04b13f1692021157dc85e5c8c67d847ad7a07f99bc02bd344931c2c6d3,0.679148782,0.645711353,0.751335672,0.013274613,147456,145408,152596,2048,canonical-upstream,legacy,7,4.775905269830259378786251525,4.300611797652008728263869787,5.055136517012734016463854864,0.153893329254396310506006617,-79.06156124332966436710683543,79.97708853034699099600655225,77.13808002780657649505294636,80.80604879800203809010892694,0.21946551606464981223603614,../benchmarks/2026-07-25/benchmark/summary.tsv;../benchmarks/2026-07-25/benchmark/comparisons.tsv
dumi-2026-07-25-standard-n7-299532964a57,paired__references-1000__pairs_per_reference-5__seed-1729,paired,references-1000,"1,000 references with five read pairs per reference",10000,raw_plus_ready,canonical-upstream,legacy,efeab35f5d29dec1d496ade3f681eeb34d9c2057,04385711a6838b779a934a4d3b0ae9d2a71106e108b465895f284a1fa0aa4566,7,7,7,0,pass,15ad2ea7ba52fb5fae4c589153e60c676c6809d646eac3a5de3977786c8b3a20,10000,c2785e89590fd7342d062a6938b7ca924e2cf0575001245b66a21f2ab101089d,coordinate,1000,4907ac04b13f1692021157dc85e5c8c67d847ad7a07f99bc02bd344931c2c6d3,3.273866191,3.177394743,3.306028723,0.029944539,733056,666828,757572,14168,,,,,,,,,,,,,../benchmarks/2026-07-25/benchmark/summary.tsv;../benchmarks/2026-07-25/benchmark/comparisons.tsv
dumi-2026-07-25-standard-n7-299532964a57,paired__references-1000__pairs_per_reference-5__seed-1729,paired,references-1000,"1,000 references with five read pairs per reference",10000,raw_plus_ready,dumi,auto,299532964a57905c835bd750563988a09af6e1df,04385711a6838b779a934a4d3b0ae9d2a71106e108b465895f284a1fa0aa4566,7,7,7,0,pass,15ad2ea7ba52fb5fae4c589153e60c676c6809d646eac3a5de3977786c8b3a20,10000,c2785e89590fd7342d062a6938b7ca924e2cf0575001245b66a21f2ab101089d,coordinate,1000,4907ac04b13f1692021157dc85e5c8c67d847ad7a07f99bc02bd344931c2c6d3,0.685749465,0.630300927,0.723722002,0.007756793,145408,141312,149504,1096,canonical-upstream,legacy,7,4.76712168760270941924218368,4.559475846915042386675982251,5.14662364125001516934148504,0.07233630268082690636264392,-79.02298146488305631094179698,80.16413480006984459577440196,77.88695135777141931652540085,81.08840187146023147008126077,0.28764484763089067045482555,../benchmarks/2026-07-25/benchmark/summary.tsv;../benchmarks/2026-07-25/benchmark/comparisons.tsv
dumi-2026-07-25-standard-n7-299532964a57,paired__references-1000__pairs_per_reference-5__seed-1729,paired,references-1000,"1,000 references with five read pairs per reference",10000,raw_plus_ready,dumi,off,299532964a57905c835bd750563988a09af6e1df,04385711a6838b779a934a4d3b0ae9d2a71106e108b465895f284a1fa0aa4566,7,7,7,0,pass,15ad2ea7ba52fb5fae4c589153e60c676c6809d646eac3a5de3977786c8b3a20,10000,c2785e89590fd7342d062a6938b7ca924e2cf0575001245b66a21f2ab101089d,coordinate,1000,4907ac04b13f1692021157dc85e5c8c67d847ad7a07f99bc02bd344931c2c6d3,0.686094194,0.638305868,0.71003795,0.015956987,145408,139584,147456,2048,canonical-upstream,legacy,7,4.771744491690014213995811776,4.656129609691988998616200726,5.043736439534032295626647756,0.071527360369498708730961292,-79.04330372798672516057025374,80.54023960686487586051839877,77.88695135777141931652540085,81.09222525046191190892885202,0.26580919113716222959052817,../benchmarks/2026-07-25/benchmark/summary.tsv;../benchmarks/2026-07-25/benchmark/comparisons.tsv
dumi-2026-07-25-standard-n7-299532964a57,paired__references-1000__pairs_per_reference-5__seed-1729,paired,references-1000,"1,000 references with five read pairs per reference",10000,raw_plus_ready,intermediate-pr32,legacy,aeacd8231cf8e77c03d03139ed6e65a4c2845015,04385711a6838b779a934a4d3b0ae9d2a71106e108b465895f284a1fa0aa4566,7,7,7,0,pass,15ad2ea7ba52fb5fae4c589153e60c676c6809d646eac3a5de3977786c8b3a20,10000,c2785e89590fd7342d062a6938b7ca924e2cf0575001245b66a21f2ab101089d,coordinate,1000,4907ac04b13f1692021157dc85e5c8c67d847ad7a07f99bc02bd344931c2c6d3,0.691241271,0.658233354,0.765589148,0.011305831,147456,145408,152596,2048,canonical-upstream,legacy,7,4.706571365834778039397097716,4.237157306205703950234153528,4.973716647910856246278884251,0.139472198211495862750212731,-78.75311086836913105057960187,79.97708853034699099600655225,77.13808002780657649505294636,80.80604879800203809010892694,0.21946551606464981223603614,../benchmarks/2026-07-25/benchmark/summary.tsv;../benchmarks/2026-07-25/benchmark/comparisons.tsv
dumi-2026-07-25-standard-n7-299532964a57,paired__references-1000__pairs_per_reference-5__seed-1729,paired,references-1000,"1,000 references with five read pairs per reference",10000,ready,canonical-upstream,legacy,efeab35f5d29dec1d496ade3f681eeb34d9c2057,04385711a6838b779a934a4d3b0ae9d2a71106e108b465895f284a1fa0aa4566,7,7,7,0,pass,15ad2ea7ba52fb5fae4c589153e60c676c6809d646eac3a5de3977786c8b3a20,10000,c2785e89590fd7342d062a6938b7ca924e2cf0575001245b66a21f2ab101089d,coordinate,1000,4907ac04b13f1692021157dc85e5c8c67d847ad7a07f99bc02bd344931c2c6d3,0.009710642,0.009404943,0.014010097,0.000305699,2048,2048,2048,0,,,,,,,,,,,,,../benchmarks/2026-07-25/benchmark/summary.tsv;../benchmarks/2026-07-25/benchmark/comparisons.tsv
dumi-2026-07-25-standard-n7-299532964a57,paired__references-1000__pairs_per_reference-5__seed-1729,paired,references-1000,"1,000 references with five read pairs per reference",10000,ready,dumi,auto,299532964a57905c835bd750563988a09af6e1df,04385711a6838b779a934a4d3b0ae9d2a71106e108b465895f284a1fa0aa4566,7,7,7,0,pass,15ad2ea7ba52fb5fae4c589153e60c676c6809d646eac3a5de3977786c8b3a20,10000,c2785e89590fd7342d062a6938b7ca924e2cf0575001245b66a21f2ab101089d,coordinate,1000,4907ac04b13f1692021157dc85e5c8c67d847ad7a07f99bc02bd344931c2c6d3,0.012130638,0.011728016,0.013787733,0.000402622,2048,2048,2048,0,canonical-upstream,legacy,7,0.8084407523095648779264307065,0.7042957678394265395188607148,1.158032769703427463966295115,0.0920872900201477943809066822,23.69490245799534190288927746,0,0,0,0,../benchmarks/2026-07-25/benchmark/summary.tsv;../benchmarks/2026-07-25/benchmark/comparisons.tsv
dumi-2026-07-25-standard-n7-299532964a57,paired__references-1000__pairs_per_reference-5__seed-1729,paired,references-1000,"1,000 references with five read pairs per reference",10000,ready,dumi,off,299532964a57905c835bd750563988a09af6e1df,04385711a6838b779a934a4d3b0ae9d2a71106e108b465895f284a1fa0aa4566,7,7,7,0,pass,15ad2ea7ba52fb5fae4c589153e60c676c6809d646eac3a5de3977786c8b3a20,10000,c2785e89590fd7342d062a6938b7ca924e2cf0575001245b66a21f2ab101089d,coordinate,1000,4907ac04b13f1692021157dc85e5c8c67d847ad7a07f99bc02bd344931c2c6d3,0.013905727,0.011844579,0.014433533,0.000527806,2048,2048,2048,0,canonical-upstream,legacy,7,0.7899491640018875118690073351,0.6654058193540663864657970846,1.073790550090467546377123239,0.1174075901543756102438127275,26.59042449440589454344195242,0,0,0,0,../benchmarks/2026-07-25/benchmark/summary.tsv;../benchmarks/2026-07-25/benchmark/comparisons.tsv
dumi-2026-07-25-standard-n7-299532964a57,paired__references-1000__pairs_per_reference-5__seed-1729,paired,references-1000,"1,000 references with five read pairs per reference",10000,ready,intermediate-pr32,legacy,aeacd8231cf8e77c03d03139ed6e65a4c2845015,04385711a6838b779a934a4d3b0ae9d2a71106e108b465895f284a1fa0aa4566,7,7,7,0,pass,15ad2ea7ba52fb5fae4c589153e60c676c6809d646eac3a5de3977786c8b3a20,10000,c2785e89590fd7342d062a6938b7ca924e2cf0575001245b66a21f2ab101089d,coordinate,1000,4907ac04b13f1692021157dc85e5c8c67d847ad7a07f99bc02bd344931c2c6d3,0.013241658,0.012092489,0.014432391,0.000971833,2048,2048,2048,0,canonical-upstream,legacy,7,0.7932468658850961121403542315,0.6905948971469222092369886051,0.9707398448392923944480162712,0.0829926817036288064600534716,26.06416022636421248687362579,0,0,0,0,../benchmarks/2026-07-25/benchmark/summary.tsv;../benchmarks/2026-07-25/benchmark/comparisons.tsv
dumi-2026-07-25-standard-n7-299532964a57,sparse__records-100000__seed-1729,sparse,records-100000,"100,000 singleton coordinate groups",100000,raw,canonical-upstream,legacy,efeab35f5d29dec1d496ade3f681eeb34d9c2057,04385711a6838b779a934a4d3b0ae9d2a71106e108b465895f284a1fa0aa4566,7,7,7,0,pass,12df0d76463447cf9555f697ae8ae1a748290b31f78fe1464a08578409db7cb8,100000,0f70b3bf63ac7ff0498631c0991afb88d8fa6f629fdffbf2ae87cd46fb4f6ea2,coordinate,1,e829495d9e64554ff2ba688e7b092c8395130d6e95239bb3b25c38f9c3531258,1.808110883,1.704680989,2.038262485,0.045104909,258176,245692,287700,9052,,,,,,,,,,,,,../benchmarks/2026-07-25/benchmark/summary.tsv;../benchmarks/2026-07-25/benchmark/comparisons.tsv
dumi-2026-07-25-standard-n7-299532964a57,sparse__records-100000__seed-1729,sparse,records-100000,"100,000 singleton coordinate groups",100000,raw,dumi,auto,299532964a57905c835bd750563988a09af6e1df,04385711a6838b779a934a4d3b0ae9d2a71106e108b465895f284a1fa0aa4566,7,7,7,0,pass,12df0d76463447cf9555f697ae8ae1a748290b31f78fe1464a08578409db7cb8,100000,0f70b3bf63ac7ff0498631c0991afb88d8fa6f629fdffbf2ae87cd46fb4f6ea2,unsorted,1,e829495d9e64554ff2ba688e7b092c8395130d6e95239bb3b25c38f9c3531258,0.728915448,0.68911918,0.741868564,0.012953116,138376,134308,144372,1696,canonical-upstream,legacy,7,2.562824099767949247483436958,2.32787058027019751905139632,2.747471161212324936846899473,0.091460161071674449655731,-60.98054485711504978874955617,46.09497914980066292941481968,43.95910326750565748986535988,51.31317344456030587417448731,1.02091154425630969123943902,../benchmarks/2026-07-25/benchmark/summary.tsv;../benchmarks/2026-07-25/benchmark/comparisons.tsv
dumi-2026-07-25-standard-n7-299532964a57,sparse__records-100000__seed-1729,sparse,records-100000,"100,000 singleton coordinate groups",100000,raw,dumi,off,299532964a57905c835bd750563988a09af6e1df,04385711a6838b779a934a4d3b0ae9d2a71106e108b465895f284a1fa0aa4566,7,7,7,0,pass,12df0d76463447cf9555f697ae8ae1a748290b31f78fe1464a08578409db7cb8,100000,0f70b3bf63ac7ff0498631c0991afb88d8fa6f629fdffbf2ae87cd46fb4f6ea2,coordinate,1,e829495d9e64554ff2ba688e7b092c8395130d6e95239bb3b25c38f9c3531258,1.649558004,1.582069857,1.702850418,0.031679702,227780,213576,246812,6652,canonical-upstream,legacy,7,1.096118401787343271864721891,1.023920354448167779866266101,1.212358298725903069889868387,0.044994502072036627708264926,-8.768979850225258557884583011,11.93337519981730988810230646,7.428988774748741723957258308,20.36704900938477580813347237,1.93549167084607761354717239,../benchmarks/2026-07-25/benchmark/summary.tsv;../benchmarks/2026-07-25/benchmark/comparisons.tsv
dumi-2026-07-25-standard-n7-299532964a57,sparse__records-100000__seed-1729,sparse,records-100000,"100,000 singleton coordinate groups",100000,raw,dumi,on,299532964a57905c835bd750563988a09af6e1df,04385711a6838b779a934a4d3b0ae9d2a71106e108b465895f284a1fa0aa4566,7,7,7,0,pass,12df0d76463447cf9555f697ae8ae1a748290b31f78fe1464a08578409db7cb8,100000,0f70b3bf63ac7ff0498631c0991afb88d8fa6f629fdffbf2ae87cd46fb4f6ea2,unsorted,1,e829495d9e64554ff2ba688e7b092c8395130d6e95239bb3b25c38f9c3531258,0.738747991,0.712860459,0.74520983,0.004860817,141088,135032,143300,2212,canonical-upstream,legacy,7,2.43981476094541055929545535,2.292443245239236058107584976,2.859272750040411485356350786,0.074030114760590372476395274,-59.01328182748975424312873451,46.40140990425987965006430307,43.3663557104092740964339044,50.19117135905457073340285019,2.59371571804299021125473662,../benchmarks/2026-07-25/benchmark/summary.tsv;../benchmarks/2026-07-25/benchmark/comparisons.tsv
dumi-2026-07-25-standard-n7-299532964a57,sparse__records-100000__seed-1729,sparse,records-100000,"100,000 singleton coordinate groups",100000,raw_plus_ready,canonical-upstream,legacy,efeab35f5d29dec1d496ade3f681eeb34d9c2057,04385711a6838b779a934a4d3b0ae9d2a71106e108b465895f284a1fa0aa4566,7,7,7,0,pass,12df0d76463447cf9555f697ae8ae1a748290b31f78fe1464a08578409db7cb8,100000,0f70b3bf63ac7ff0498631c0991afb88d8fa6f629fdffbf2ae87cd46fb4f6ea2,coordinate,1,e829495d9e64554ff2ba688e7b092c8395130d6e95239bb3b25c38f9c3531258,1.838775431,1.736196239,2.069905229,0.055028514,258176,245692,287700,9052,,,,,,,,,,,,,../benchmarks/2026-07-25/benchmark/summary.tsv;../benchmarks/2026-07-25/benchmark/comparisons.tsv
dumi-2026-07-25-standard-n7-299532964a57,sparse__records-100000__seed-1729,sparse,records-100000,"100,000 singleton coordinate groups",100000,raw_plus_ready,dumi,auto,299532964a57905c835bd750563988a09af6e1df,04385711a6838b779a934a4d3b0ae9d2a71106e108b465895f284a1fa0aa4566,7,7,7,0,pass,12df0d76463447cf9555f697ae8ae1a748290b31f78fe1464a08578409db7cb8,100000,0f70b3bf63ac7ff0498631c0991afb88d8fa6f629fdffbf2ae87cd46fb4f6ea2,coordinate,1,e829495d9e64554ff2ba688e7b092c8395130d6e95239bb3b25c38f9c3531258,0.935743336,0.903044974,0.95456721,0.007310426,138376,134308,144372,1696,canonical-upstream,legacy,7,1.95598881986115230618209442,1.843725550698822346372483466,2.212043783125589900006512042,0.087344162561432153423023636,-48.87496340234777342544318143,46.09497914980066292941481968,43.95910326750565748986535988,51.31317344456030587417448731,1.02091154425630969123943902,../benchmarks/2026-07-25/benchmark/summary.tsv;../benchmarks/2026-07-25/benchmark/comparisons.tsv
dumi-2026-07-25-standard-n7-299532964a57,sparse__records-100000__seed-1729,sparse,records-100000,"100,000 singleton coordinate groups",100000,raw_plus_ready,dumi,off,299532964a57905c835bd750563988a09af6e1df,04385711a6838b779a934a4d3b0ae9d2a71106e108b465895f284a1fa0aa4566,7,7,7,0,pass,12df0d76463447cf9555f697ae8ae1a748290b31f78fe1464a08578409db7cb8,100000,0f70b3bf63ac7ff0498631c0991afb88d8fa6f629fdffbf2ae87cd46fb4f6ea2,coordinate,1,e829495d9e64554ff2ba688e7b092c8395130d6e95239bb3b25c38f9c3531258,1.678888918,1.611955604,1.734563873,0.033389456,227780,213576,246812,6652,canonical-upstream,legacy,7,1.095233526939034807542877593,1.023736191675911529040835055,1.208860229989682740687350409,0.04586868755038463242188336,-8.695271336807414629851011969,11.93337519981730988810230646,7.428988774748741723957258308,20.36704900938477580813347237,1.93549167084607761354717239,../benchmarks/2026-07-25/benchmark/summary.tsv;../benchmarks/2026-07-25/benchmark/comparisons.tsv
dumi-2026-07-25-standard-n7-299532964a57,sparse__records-100000__seed-1729,sparse,records-100000,"100,000 singleton coordinate groups",100000,raw_plus_ready,dumi,on,299532964a57905c835bd750563988a09af6e1df,04385711a6838b779a934a4d3b0ae9d2a71106e108b465895f284a1fa0aa4566,7,7,7,0,pass,12df0d76463447cf9555f697ae8ae1a748290b31f78fe1464a08578409db7cb8,100000,0f70b3bf63ac7ff0498631c0991afb88d8fa6f629fdffbf2ae87cd46fb4f6ea2,coordinate,1,e829495d9e64554ff2ba688e7b092c8395130d6e95239bb3b25c38f9c3531258,0.956550871,0.922167048,0.961378738,0.003440822,141088,135032,143300,2212,canonical-upstream,legacy,7,1.923557041184540889307733241,1.836860126875786115839738983,2.244609838845597094031058893,0.068152041578651956074429302,-48.01297915323621071631192499,46.40140990425987965006430307,43.3663557104092740964339044,50.19117135905457073340285019,2.59371571804299021125473662,../benchmarks/2026-07-25/benchmark/summary.tsv;../benchmarks/2026-07-25/benchmark/comparisons.tsv
dumi-2026-07-25-standard-n7-299532964a57,sparse__records-100000__seed-1729,sparse,records-100000,"100,000 singleton coordinate groups",100000,ready,canonical-upstream,legacy,efeab35f5d29dec1d496ade3f681eeb34d9c2057,04385711a6838b779a934a4d3b0ae9d2a71106e108b465895f284a1fa0aa4566,7,7,7,0,pass,12df0d76463447cf9555f697ae8ae1a748290b31f78fe1464a08578409db7cb8,100000,0f70b3bf63ac7ff0498631c0991afb88d8fa6f629fdffbf2ae87cd46fb4f6ea2,coordinate,1,e829495d9e64554ff2ba688e7b092c8395130d6e95239bb3b25c38f9c3531258,0.030283568,0.020740943,0.031642744,0.001231682,2048,2048,2048,0,,,,,,,,,,,,,../benchmarks/2026-07-25/benchmark/summary.tsv;../benchmarks/2026-07-25/benchmark/comparisons.tsv
dumi-2026-07-25-standard-n7-299532964a57,sparse__records-100000__seed-1729,sparse,records-100000,"100,000 singleton coordinate groups",100000,ready,dumi,auto,299532964a57905c835bd750563988a09af6e1df,04385711a6838b779a934a4d3b0ae9d2a71106e108b465895f284a1fa0aa4566,7,7,7,0,pass,12df0d76463447cf9555f697ae8ae1a748290b31f78fe1464a08578409db7cb8,100000,0f70b3bf63ac7ff0498631c0991afb88d8fa6f629fdffbf2ae87cd46fb4f6ea2,coordinate,1,e829495d9e64554ff2ba688e7b092c8395130d6e95239bb3b25c38f9c3531258,0.213925794,0.193874772,0.23239104,0.001166805,26624,26624,26624,0,canonical-upstream,legacy,7,0.1411479638342534068891566971,0.09642797147102211545642256152,0.1632122822045149845488922097,0.0093645459413407402909948171,608.476390898756060632478469,-1200,-1200,-1200,0,../benchmarks/2026-07-25/benchmark/summary.tsv;../benchmarks/2026-07-25/benchmark/comparisons.tsv
dumi-2026-07-25-standard-n7-299532964a57,sparse__records-100000__seed-1729,sparse,records-100000,"100,000 singleton coordinate groups",100000,ready,dumi,off,299532964a57905c835bd750563988a09af6e1df,04385711a6838b779a934a4d3b0ae9d2a71106e108b465895f284a1fa0aa4566,7,7,7,0,pass,12df0d76463447cf9555f697ae8ae1a748290b31f78fe1464a08578409db7cb8,100000,0f70b3bf63ac7ff0498631c0991afb88d8fa6f629fdffbf2ae87cd46fb4f6ea2,coordinate,1,e829495d9e64554ff2ba688e7b092c8395130d6e95239bb3b25c38f9c3531258,0.031084038,0.029330914,0.035949784,0.000843472,2048,2048,2048,0,canonical-upstream,legacy,7,0.969243398868363571437581935,0.5769420756464072218069516078,1.045468545576179453528110307,0.044629058757637271824802444,3.1732587673587646556479621,0,0,0,0,../benchmarks/2026-07-25/benchmark/summary.tsv;../benchmarks/2026-07-25/benchmark/comparisons.tsv
dumi-2026-07-25-standard-n7-299532964a57,sparse__records-100000__seed-1729,sparse,records-100000,"100,000 singleton coordinate groups",100000,ready,dumi,on,299532964a57905c835bd750563988a09af6e1df,04385711a6838b779a934a4d3b0ae9d2a71106e108b465895f284a1fa0aa4566,7,7,7,0,pass,12df0d76463447cf9555f697ae8ae1a748290b31f78fe1464a08578409db7cb8,100000,0f70b3bf63ac7ff0498631c0991afb88d8fa6f629fdffbf2ae87cd46fb4f6ea2,coordinate,1,e829495d9e64554ff2ba688e7b092c8395130d6e95239bb3b25c38f9c3531258,0.215820773,0.20158904,0.219125419,0.002435002,26624,26624,26624,0,canonical-upstream,legacy,7,0.140386257823106448543984749,0.09594785481360714465005300392,0.1563341439594136665366331424,0.0076678314721885862331249333,612.3204332863184601637038672,-1200,-1200,-1200,0,../benchmarks/2026-07-25/benchmark/summary.tsv;../benchmarks/2026-07-25/benchmark/comparisons.tsv
dumi-2026-07-25-standard-n7-299532964a57,sparse__records-1000000__seed-1729,sparse,records-1000000,"1,000,000 singleton coordinate groups",1000000,raw,canonical-upstream,legacy,efeab35f5d29dec1d496ade3f681eeb34d9c2057,04385711a6838b779a934a4d3b0ae9d2a71106e108b465895f284a1fa0aa4566,7,7,7,0,pass,04a694611309dc09c12ad8e57e4bf5fed38a43786bb585da0d42b4c78d9247d6,1000000,22b7228cba0d0c35ee5aef376cb36e21b29717043a50a0fe46e30c971b380e0b,coordinate,1,6216b516ec3a8a9c24ca40a458fc2297b99ed1874119c0eaf24ce5de47f85502,9.241495304,9.08714515,10.091808045,0.129511243,1649268,1603704,1667680,18412,,,,,,,,,,,,,../benchmarks/2026-07-25/benchmark/summary.tsv;../benchmarks/2026-07-25/benchmark/comparisons.tsv
dumi-2026-07-25-standard-n7-299532964a57,sparse__records-1000000__seed-1729,sparse,records-1000000,"1,000,000 singleton coordinate groups",1000000,raw,dumi,auto,299532964a57905c835bd750563988a09af6e1df,04385711a6838b779a934a4d3b0ae9d2a71106e108b465895f284a1fa0aa4566,7,7,7,0,pass,04a694611309dc09c12ad8e57e4bf5fed38a43786bb585da0d42b4c78d9247d6,1000000,22b7228cba0d0c35ee5aef376cb36e21b29717043a50a0fe46e30c971b380e0b,unsorted,1,6216b516ec3a8a9c24ca40a458fc2297b99ed1874119c0eaf24ce5de47f85502,3.407796197,3.34106831,3.569549036,0.060986199,265228,247208,292432,15308,canonical-upstream,legacy,7,2.746859728262848025818262955,2.545740388590644367323940021,2.971844351066135583948243736,0.135929376174434499597745495,-63.59479191052781602971639621,83.46153654290317914029022812,82.26898236065939556215242156,85.17653266813777223448143529,0.49431715082035272773830408,../benchmarks/2026-07-25/benchmark/summary.tsv;../benchmarks/2026-07-25/benchmark/comparisons.tsv
dumi-2026-07-25-standard-n7-299532964a57,sparse__records-1000000__seed-1729,sparse,records-1000000,"1,000,000 singleton coordinate groups",1000000,raw,dumi,off,299532964a57905c835bd750563988a09af6e1df,04385711a6838b779a934a4d3b0ae9d2a71106e108b465895f284a1fa0aa4566,7,7,7,0,pass,04a694611309dc09c12ad8e57e4bf5fed38a43786bb585da0d42b4c78d9247d6,1000000,22b7228cba0d0c35ee5aef376cb36e21b29717043a50a0fe46e30c971b380e0b,coordinate,1,6216b516ec3a8a9c24ca40a458fc2297b99ed1874119c0eaf24ce5de47f85502,8.693369809,7.901220253,9.187452059,0.301203594,1433672,1348708,1461088,20864,canonical-upstream,legacy,7,1.098433818232999173683089583,1.019039477937218390639253895,1.150093891706122016391282593,0.016704735373354147362274072,-8.961288026559962179700773332,11.87562529878809086115040192,8.917855165292348213884856557,16.57565733315848984711916491,1.25685313689948290830837565,../benchmarks/2026-07-25/benchmark/summary.tsv;../benchmarks/2026-07-25/benchmark/comparisons.tsv
dumi-2026-07-25-standard-n7-299532964a57,sparse__records-1000000__seed-1729,sparse,records-1000000,"1,000,000 singleton coordinate groups",1000000,raw,dumi,on,299532964a57905c835bd750563988a09af6e1df,04385711a6838b779a934a4d3b0ae9d2a71106e108b465895f284a1fa0aa4566,7,7,7,0,pass,04a694611309dc09c12ad8e57e4bf5fed38a43786bb585da0d42b4c78d9247d6,1000000,22b7228cba0d0c35ee5aef376cb36e21b29717043a50a0fe46e30c971b380e0b,unsorted,1,6216b516ec3a8a9c24ca40a458fc2297b99ed1874119c0eaf24ce5de47f85502,3.434066206,3.382696116,3.554711567,0.035671715,253632,237852,291324,11020,canonical-upstream,legacy,7,2.681925522705862802879884829,2.556366382679284200838227953,2.946222708821060413574554741,0.027213878563792166069964222,-62.71335682017468584457344143,84.1846126217805779620179285,82.53118104192650868272090569,85.30058988614276504888251232,1.10305027338013371694963721,../benchmarks/2026-07-25/benchmark/summary.tsv;../benchmarks/2026-07-25/benchmark/comparisons.tsv
dumi-2026-07-25-standard-n7-299532964a57,sparse__records-1000000__seed-1729,sparse,records-1000000,"1,000,000 singleton coordinate groups",1000000,raw_plus_ready,canonical-upstream,legacy,efeab35f5d29dec1d496ade3f681eeb34d9c2057,04385711a6838b779a934a4d3b0ae9d2a71106e108b465895f284a1fa0aa4566,7,7,7,0,pass,04a694611309dc09c12ad8e57e4bf5fed38a43786bb585da0d42b4c78d9247d6,1000000,22b7228cba0d0c35ee5aef376cb36e21b29717043a50a0fe46e30c971b380e0b,coordinate,1,6216b516ec3a8a9c24ca40a458fc2297b99ed1874119c0eaf24ce5de47f85502,9.391033698,9.222339055,10.238431867,0.145748061,1649268,1603704,1667680,18412,,,,,,,,,,,,,../benchmarks/2026-07-25/benchmark/summary.tsv;../benchmarks/2026-07-25/benchmark/comparisons.tsv
dumi-2026-07-25-standard-n7-299532964a57,sparse__records-1000000__seed-1729,sparse,records-1000000,"1,000,000 singleton coordinate groups",1000000,raw_plus_ready,dumi,auto,299532964a57905c835bd750563988a09af6e1df,04385711a6838b779a934a4d3b0ae9d2a71106e108b465895f284a1fa0aa4566,7,7,7,0,pass,04a694611309dc09c12ad8e57e4bf5fed38a43786bb585da0d42b4c78d9247d6,1000000,22b7228cba0d0c35ee5aef376cb36e21b29717043a50a0fe46e30c971b380e0b,coordinate,1,6216b516ec3a8a9c24ca40a458fc2297b99ed1874119c0eaf24ce5de47f85502,5.011915369,4.932489796,5.185843405,0.079425573,265228,247208,292432,15308,canonical-upstream,legacy,7,1.887280410130385688574298891,1.778368210291147424263575502,2.034556438489194944428950858,0.068007154649913470104761816,-47.01370317668303185339075758,83.46153654290317914029022812,82.26898236065939556215242156,85.17653266813777223448143529,0.49431715082035272773830408,../benchmarks/2026-07-25/benchmark/summary.tsv;../benchmarks/2026-07-25/benchmark/comparisons.tsv
dumi-2026-07-25-standard-n7-299532964a57,sparse__records-1000000__seed-1729,sparse,records-1000000,"1,000,000 singleton coordinate groups",1000000,raw_plus_ready,dumi,off,299532964a57905c835bd750563988a09af6e1df,04385711a6838b779a934a4d3b0ae9d2a71106e108b465895f284a1fa0aa4566,7,7,7,0,pass,04a694611309dc09c12ad8e57e4bf5fed38a43786bb585da0d42b4c78d9247d6,1000000,22b7228cba0d0c35ee5aef376cb36e21b29717043a50a0fe46e30c971b380e0b,coordinate,1,6216b516ec3a8a9c24ca40a458fc2297b99ed1874119c0eaf24ce5de47f85502,8.840028946,8.049107226,9.322236486,0.30701337,1433672,1348708,1461088,20864,canonical-upstream,legacy,7,1.09828064138642363121874572,1.018727525913950683819122591,1.145759249573699243449487127,0.016431325995565478492430094,-8.94859088678447910210623273,11.87562529878809086115040192,8.917855165292348213884856557,16.57565733315848984711916491,1.25685313689948290830837565,../benchmarks/2026-07-25/benchmark/summary.tsv;../benchmarks/2026-07-25/benchmark/comparisons.tsv
dumi-2026-07-25-standard-n7-299532964a57,sparse__records-1000000__seed-1729,sparse,records-1000000,"1,000,000 singleton coordinate groups",1000000,raw_plus_ready,dumi,on,299532964a57905c835bd750563988a09af6e1df,04385711a6838b779a934a4d3b0ae9d2a71106e108b465895f284a1fa0aa4566,7,7,7,0,pass,04a694611309dc09c12ad8e57e4bf5fed38a43786bb585da0d42b4c78d9247d6,1000000,22b7228cba0d0c35ee5aef376cb36e21b29717043a50a0fe46e30c971b380e0b,coordinate,1,6216b516ec3a8a9c24ca40a458fc2297b99ed1874119c0eaf24ce5de47f85502,5.055293404,4.988125149,5.219252742,0.039216191,253632,237852,291324,11020,canonical-upstream,legacy,7,1.860636774794825873978490288,1.766984568650344927097611706,2.027272848001272150920526152,0.029651754809546693199277484,-46.25495886426995304174104581,84.1846126217805779620179285,82.53118104192650868272090569,85.30058988614276504888251232,1.10305027338013371694963721,../benchmarks/2026-07-25/benchmark/summary.tsv;../benchmarks/2026-07-25/benchmark/comparisons.tsv
dumi-2026-07-25-standard-n7-299532964a57,sparse__records-1000000__seed-1729,sparse,records-1000000,"1,000,000 singleton coordinate groups",1000000,ready,canonical-upstream,legacy,efeab35f5d29dec1d496ade3f681eeb34d9c2057,04385711a6838b779a934a4d3b0ae9d2a71106e108b465895f284a1fa0aa4566,7,7,7,0,pass,04a694611309dc09c12ad8e57e4bf5fed38a43786bb585da0d42b4c78d9247d6,1000000,22b7228cba0d0c35ee5aef376cb36e21b29717043a50a0fe46e30c971b380e0b,coordinate,1,6216b516ec3a8a9c24ca40a458fc2297b99ed1874119c0eaf24ce5de47f85502,0.144854951,0.133301576,0.149538394,0.004683443,2048,2048,2048,0,,,,,,,,,,,,,../benchmarks/2026-07-25/benchmark/summary.tsv;../benchmarks/2026-07-25/benchmark/comparisons.tsv
dumi-2026-07-25-standard-n7-299532964a57,sparse__records-1000000__seed-1729,sparse,records-1000000,"1,000,000 singleton coordinate groups",1000000,ready,dumi,auto,299532964a57905c835bd750563988a09af6e1df,04385711a6838b779a934a4d3b0ae9d2a71106e108b465895f284a1fa0aa4566,7,7,7,0,pass,04a694611309dc09c12ad8e57e4bf5fed38a43786bb585da0d42b4c78d9247d6,1000000,22b7228cba0d0c35ee5aef376cb36e21b29717043a50a0fe46e30c971b380e0b,coordinate,1,6216b516ec3a8a9c24ca40a458fc2297b99ed1874119c0eaf24ce5de47f85502,1.614797515,1.591421486,1.629536726,0.003222121,237568,237568,237568,0,canonical-upstream,legacy,7,0.0897047150831167832209600595,0.08364435810269162671320300813,0.09279019433824887500112824383,0.00308547925513209178016818433,1014.768603939536730090778879,-11500,-11500,-11500,0,../benchmarks/2026-07-25/benchmark/summary.tsv;../benchmarks/2026-07-25/benchmark/comparisons.tsv
dumi-2026-07-25-standard-n7-299532964a57,sparse__records-1000000__seed-1729,sparse,records-1000000,"1,000,000 singleton coordinate groups",1000000,ready,dumi,off,299532964a57905c835bd750563988a09af6e1df,04385711a6838b779a934a4d3b0ae9d2a71106e108b465895f284a1fa0aa4566,7,7,7,0,pass,04a694611309dc09c12ad8e57e4bf5fed38a43786bb585da0d42b4c78d9247d6,1000000,22b7228cba0d0c35ee5aef376cb36e21b29717043a50a0fe46e30c971b380e0b,coordinate,1,6216b516ec3a8a9c24ca40a458fc2297b99ed1874119c0eaf24ce5de47f85502,0.144959961,0.134187557,0.147886973,0.002927012,2048,2048,2048,0,canonical-upstream,legacy,7,0.9992755930722139198147273232,0.9041617755687822526903276698,1.114398364074844882972271416,0.0870905384874266327769114268,0.07249320736023720721841257604,0,0,0,0,../benchmarks/2026-07-25/benchmark/summary.tsv;../benchmarks/2026-07-25/benchmark/comparisons.tsv
dumi-2026-07-25-standard-n7-299532964a57,sparse__records-1000000__seed-1729,sparse,records-1000000,"1,000,000 singleton coordinate groups",1000000,ready,dumi,on,299532964a57905c835bd750563988a09af6e1df,04385711a6838b779a934a4d3b0ae9d2a71106e108b465895f284a1fa0aa4566,7,7,7,0,pass,04a694611309dc09c12ad8e57e4bf5fed38a43786bb585da0d42b4c78d9247d6,1000000,22b7228cba0d0c35ee5aef376cb36e21b29717043a50a0fe46e30c971b380e0b,coordinate,1,6216b516ec3a8a9c24ca40a458fc2297b99ed1874119c0eaf24ce5de47f85502,1.618937152,1.605429033,1.664541175,0.005834522,237568,237568,237568,0,canonical-upstream,legacy,7,0.08915403519030083731014133867,0.08121992236088722767702036569,0.09302310770381031101929547589,0.0033295837207758852399315868,1021.654222229518409764261354,-11500,-11500,-11500,0,../benchmarks/2026-07-25/benchmark/summary.tsv;../benchmarks/2026-07-25/benchmark/comparisons.tsv
